,B_Dey1.jpg_persistence.pkl,B_Dey10.jpeg_persistence.pkl,B_Dey2.jpg_persistence.pkl,B_Dey3.jpeg_persistence.pkl,B_Dey4.jpg_persistence.pkl,B_Dey5.jpg_persistence.pkl,B_Dey6.jpg_persistence.pkl,B_Dey7.jpeg_persistence.pkl,B_Dey8.jpg_persistence.pkl,B_Dey9.jpg_persistence.pkl,B_Gen1.jpg_persistence.pkl,B_Gen10.jpg_persistence.pkl,B_Gen2.jpg_persistence.pkl,B_Gen3.jpg_persistence.pkl,B_Gen4.png_persistence.pkl,B_Gen5.jpeg_persistence.pkl,B_Gen6.jpg_persistence.pkl,B_Gen7.jpg_persistence.pkl,B_Gen8.jpg_persistence.pkl,B_Gen9.jpg_persistence.pkl,B_Goya1.jpg_persistence.pkl,B_Goya10.jpg_persistence.pkl,B_Goya2.jpg_persistence.pkl,B_Goya3.jpg_persistence.pkl,B_Goya4.jpg_persistence.pkl,B_Goya5.jpg_persistence.pkl,B_Goya6.jpg_persistence.pkl,B_Goya7.jpg_persistence.pkl,B_Goya8.jpg_persistence.pkl,B_Goya9.jpg_persistence.pkl,B_Klimt1.jpg_persistence.pkl,B_Klimt10.jpeg_persistence.pkl,B_Klimt2.jpg_persistence.pkl,B_Klimt3.jpg_persistence.pkl,B_Klimt4.jpg_persistence.pkl,B_Klimt5.jpg_persistence.pkl,B_Klimt6.jpg_persistence.pkl,B_Klimt7.jpg_persistence.pkl,B_Klimt8.jpg_persistence.pkl,B_Klimt9.jpg_persistence.pkl,B_Mithila1.jpg_persistence.pkl,B_Mithila10.jpg_persistence.pkl,B_Mithila2.jpg_persistence.pkl,B_Mithila3.jpg_persistence.pkl,B_Mithila4.jpeg_persistence.pkl,B_Mithila5.jpg_persistence.pkl,B_Mithila6.jpg_persistence.pkl,B_Mithila7.jpeg_persistence.pkl,B_Mithila8.jpeg_persistence.pkl,B_Mithila9.jpg_persistence.pkl,B_Raja1.jpg_persistence.pkl,B_Raja10.jpg_persistence.pkl,B_Raja2.jpg_persistence.pkl,B_Raja3.jpg_persistence.pkl,B_Raja4.jpg_persistence.pkl,B_Raja5.jpeg_persistence.pkl,B_Raja6.jpg_persistence.pkl,B_Raja7.jpg_persistence.pkl,B_Raja8.jpg_persistence.pkl,B_Raja9.jpg_persistence.pkl,B_Ren1.jpg_persistence.pkl,B_Ren10.jpg_persistence.pkl,B_Ren2.jpg_persistence.pkl,B_Ren3.jpg_persistence.pkl,B_Ren4.jpg_persistence.pkl,B_Ren5.jpg_persistence.pkl,B_Ren6.jpg_persistence.pkl,B_Ren7.jpg_persistence.pkl,B_Ren8.jpg_persistence.pkl,B_Ren9.jpeg_persistence.pkl,B_Robert1.jpg_persistence.pkl,B_Robert10.jpg_persistence.pkl,B_Robert2.jpg_persistence.pkl,B_Robert3.jpg_persistence.pkl,B_Robert4.jpg_persistence.pkl,B_Robert5.jpg_persistence.pkl,B_Robert6.jpg_persistence.pkl,B_Robert7.jpg_persistence.pkl,B_Robert8.jpg_persistence.pkl,B_Robert9.jpg_persistence.pkl,B_Sid1.jpeg_persistence.pkl,B_Sid10.jpg_persistence.pkl,B_Sid2.jpeg_persistence.pkl,B_Sid3.jpg_persistence.pkl,B_Sid4.jpg_persistence.pkl,B_Sid5.jpeg_persistence.pkl,B_Sid6.jpeg_persistence.pkl,B_Sid7.jpg_persistence.pkl,B_Sid8.jpg_persistence.pkl,B_Sid9.jpg_persistence.pkl,B_Vin1.jpg_persistence.pkl,B_Vin10.jpg_persistence.pkl,B_Vin2.jpg_persistence.pkl,B_Vin3.jpg_persistence.pkl,B_Vin4.jpg_persistence.pkl,B_Vin5.jpg_persistence.pkl,B_Vin6.jpg_persistence.pkl,B_Vin7.jpg_persistence.pkl,B_Vin8.jpeg_persistence.pkl,B_Vin9.jpg_persistence.pkl
B_Dey1.jpg_persistence.pkl,0.0,45.0,27.0,21.0,36.99999999999999,23.999999999999996,24.0,44.0,34.0,15.999999999999998,21.0,27.0,31.499999999999996,16.5,82.99999999999999,34.0,40.99999999999999,30.999999999999996,21.5,37.0,46.0,33.0,21.0,57.0,23.0,24.0,35.0,22.0,34.49999999999999,21.0,34.99999999999999,31.999999999999996,59.0,66.0,36.0,25.0,90.0,59.99999999999999,75.99999999999999,50.0,77.0,80.0,48.0,78.0,51.0,39.99999999999999,93.99999999999999,71.0,72.49999999999999,34.0,35.0,23.0,28.0,34.0,21.0,26.0,49.0,28.999999999999996,33.0,49.0,16.0,53.99999999999999,42.0,67.0,33.0,34.0,35.0,33.99999999999999,31.999999999999996,22.0,35.0,36.99999999999999,25.0,47.0,83.0,23.999999999999996,77.0,40.0,37.0,73.0,30.0,32.0,24.0,20.0,87.99999999999999,49.0,51.0,22.999999999999996,24.0,75.0,33.0,58.99999999999999,68.0,37.0,45.0,41.0,53.0,35.0,53.0,20.0
B_Dey10.jpeg_persistence.pkl,45.0,0.0,36.0,45.99999999999999,29.0,47.99999999999999,43.0,52.99999999999999,47.99999999999999,43.0,43.0,43.0,34.0,45.0,61.99999999999999,47.99999999999999,39.0,47.99999999999999,46.0,39.0,35.0,44.99999999999999,36.0,40.99999999999999,47.99999999999999,47.99999999999999,47.99999999999999,44.0,47.99999999999999,44.0,40.0,48.0,42.0,44.0,49.0,47.99999999999999,82.0,53.99999999999999,66.0,44.0,68.0,65.0,56.99999999999999,50.99999999999999,38.0,48.0,80.0,58.0,49.0,48.0,39.0,45.0,44.99999999999999,47.0,44.0,46.99999999999999,44.0,47.99999999999999,47.99999999999999,40.0,34.0,57.0,38.0,48.0,40.0,36.0,38.0,27.999999999999996,40.99999999999999,40.0,43.99999999999999,45.5,45.0,56.0,74.99999999999999,43.0,70.0,49.0,48.0,58.0,41.99999999999999,47.99999999999999,41.0,39.0,45.0,48.99999999999999,46.99999999999999,36.0,47.99999999999999,41.0,41.0,48.0,56.0,43.0,48.0,46.0,44.0,41.99999999999999,37.99999999999999,33.99999999999999
B_Dey2.jpg_persistence.pkl,27.0,36.0,0.0,27.0,39.0,38.0,46.0,43.0,47.99999999999999,34.0,31.0,36.99999999999999,28.999999999999996,31.0,63.0,50.99999999999999,34.0,46.99999999999999,32.99999999999999,28.0,37.0,24.0,32.99999999999999,34.0,37.5,39.0,48.0,31.999999999999996,48.5,33.0,25.999999999999996,31.999999999999996,43.99999999999999,46.0,40.49999999999999,45.99999999999999,87.99999999999999,50.99999999999999,65.0,34.0,61.0,59.0,43.99999999999999,55.0,34.5,33.0,79.0,62.0,58.0,37.0,29.0,25.0,38.99999999999999,30.5,28.0,33.0,33.0,42.0,46.99999999999999,41.0,18.999999999999996,39.0,37.0,47.0,21.999999999999996,23.499999999999996,21.0,27.0,28.0,24.0,26.0,54.0,39.0,37.0,80.0,35.0,64.0,29.999999999999996,31.0,58.99999999999999,30.0,42.0,32.0,23.999999999999996,70.0,47.0,36.0,16.0,32.0,54.0,27.999999999999996,39.0,55.0,34.5,26.5,36.5,44.0,27.999999999999996,33.0,29.999999999999996
B_Dey3.jpeg_persistence.pkl,21.0,45.99999999999999,27.0,0.0,39.0,34.0,35.0,46.0,44.99999999999999,29.0,24.0,27.0,31.5,24.0,77.0,43.0,39.99999999999999,37.99999999999999,28.0,24.0,46.0,33.0,28.0,52.0,29.0,33.0,44.99999999999999,24.0,44.99999999999999,32.0,32.99999999999999,34.0,54.99999999999999,64.0,38.0,31.0,85.0,51.0,69.0,33.99999999999999,78.99999999999999,76.0,51.0,73.0,50.0,40.99999999999999,94.0,62.0,70.99999999999999,38.0,31.0,28.0,29.999999999999996,38.0,22.0,28.0,38.0,38.0,41.99999999999999,48.0,17.0,52.0,40.0,59.0,33.0,31.0,28.0,32.99999999999999,34.99999999999999,23.999999999999996,38.0,44.99999999999999,39.0,48.0,80.0,22.0,76.99999999999999,36.0,41.0,59.0,30.0,41.0,29.0,17.0,87.99999999999999,49.0,43.0,22.999999999999996,23.0,71.0,34.99999999999999,58.0,67.0,36.0,45.0,39.5,45.99999999999999,37.0,51.0,19.5
B_Dey4.jpg_persistence.pkl,36.99999999999999,29.0,39.0,39.0,0.0,50.5,51.99999999999999,45.99999999999999,57.99999999999999,38.0,43.0,43.0,39.0,47.0,52.99999999999999,57.99999999999999,39.0,56.0,46.0,39.0,38.0,41.0,49.0,41.0,48.0,57.0,57.0,44.0,57.99999999999999,40.0,40.0,44.0,38.0,40.5,46.5,50.5,63.0,41.0,45.99999999999999,42.99999999999999,46.0,48.99999999999999,42.99999999999999,46.99999999999999,33.0,42.0,71.0,48.0,49.0,42.99999999999999,39.0,42.0,48.0,41.0,44.0,48.0,39.0,52.99999999999999,55.99999999999999,39.0,29.999999999999996,46.0,28.999999999999996,41.0,41.0,31.0,36.0,15.999999999999998,34.0,41.0,31.0,57.99999999999999,53.0,42.0,56.0,37.0,54.0,44.0,40.0,43.0,40.0,57.99999999999999,44.99999999999999,38.0,61.99999999999999,43.99999999999999,41.49999999999999,39.0,41.99999999999999,44.0,36.0,37.0,39.0,41.0,41.5,40.99999999999999,40.0,40.49999999999999,35.0,36.0
B_Dey5.jpg_persistence.pkl,23.999999999999996,47.99999999999999,38.0,34.0,50.5,0.0,17.999999999999996,57.0,20.0,25.0,28.0,36.0,31.499999999999996,24.0,98.49999999999999,23.999999999999996,61.49999999999999,17.999999999999996,19.999999999999996,45.0,59.0,38.0,24.0,69.49999999999999,21.999999999999996,15.0,19.0,19.0,24.0,18.5,51.49999999999999,45.0,73.0,70.0,49.0,17.0,111.0,73.0,89.49999999999999,65.0,88.49999999999999,95.49999999999999,68.0,83.99999999999999,61.5,56.0,97.49999999999999,84.0,72.49999999999999,45.99999999999999,54.99999999999999,37.99999999999999,20.0,44.0,23.0,21.0,67.0,16.0,19.0,63.0,36.0,72.0,61.0,78.99999999999999,48.0,49.0,48.5,48.49999999999999,47.99999999999999,26.0,42.0,26.0,22.0,59.99999999999999,102.0,20.999999999999996,77.0,47.99999999999999,40.0,81.0,40.99999999999999,22.0,27.5,34.99999999999999,87.99999999999999,51.0,68.99999999999999,40.0,25.999999999999996,79.49999999999999,50.0,66.99999999999999,82.49999999999999,53.0,52.0,56.0,70.49999999999999,52.0,56.99999999999999,30.5
B_Dey6.jpg_persistence.pkl,24.0,43.0,46.0,35.0,51.99999999999999,17.999999999999996,0.0,62.0,15.999999999999998,24.0,33.99999999999999,41.0,36.0,26.0,90.99999999999999,16.0,55.0,18.0,23.0,51.99999999999999,57.0,38.0,21.0,63.0,26.0,32.0,21.999999999999996,18.0,14.5,31.0,45.0,48.0,64.99999999999999,65.0,46.0,18.0,100.0,69.0,87.0,63.99999999999999,78.0,89.0,67.0,82.0,55.0,56.99999999999999,91.0,82.0,68.0,51.0,42.0,39.0,36.0,53.0,27.0,34.99999999999999,67.0,26.0,16.0,61.0,36.0,76.0,50.99999999999999,68.0,51.0,50.99999999999999,45.0,43.0,51.0,31.999999999999996,54.0,18.5,31.0,64.0,93.0,28.0,73.0,55.0,58.0,88.0,46.99999999999999,28.0,34.0,38.0,81.0,56.0,73.0,35.99999999999999,31.999999999999996,76.0,48.99999999999999,60.0,71.0,48.99999999999999,64.0,57.0,57.99999999999999,52.0,51.99999999999999,28.0
B_Dey7.jpeg_persistence.pkl,44.0,52.99999999999999,43.0,46.0,45.99999999999999,57.0,62.0,0.0,65.0,45.99999999999999,56.49999999999999,58.99999999999999,49.0,47.99999999999999,58.0,70.99999999999999,36.0,62.99999999999999,51.0,52.0,48.0,39.0,53.0,49.0,61.0,59.0,68.99999999999999,59.0,68.0,54.99999999999999,32.0,22.999999999999996,41.0,45.0,35.0,62.0,65.0,27.0,44.0,32.99999999999999,56.0,57.0,23.0,54.0,35.0,24.999999999999996,78.0,44.0,59.0,36.0,46.0,38.99999999999999,59.0,38.0,49.0,54.99999999999999,34.0,61.99999999999999,66.99999999999999,42.0,38.99999999999999,37.99999999999999,34.99999999999999,39.0,34.0,29.999999999999996,27.0,40.0,22.999999999999996,43.0,35.99999999999999,72.99999999999999,57.0,35.0,56.0,61.0,68.99999999999999,55.99999999999999,34.0,46.0,40.0,60.99999999999999,54.0,47.0,69.0,47.0,30.0,36.0,52.0,59.0,32.0,40.0,46.99999999999999,34.5,54.0,37.0,27.999999999999996,24.0,32.0,48.0
B_Dey8.jpg_persistence.pkl,34.0,47.99999999999999,47.99999999999999,44.99999999999999,57.99999999999999,20.0,15.999999999999998,65.0,0.0,33.99999999999999,44.0,47.49999999999999,39.0,36.0,98.49999999999999,12.0,61.99999999999999,19.999999999999996,26.499999999999996,60.49999999999999,66.99999999999999,48.5,24.0,69.49999999999999,38.0,30.999999999999996,20.999999999999996,26.0,10.0,28.0,57.0,56.0,77.0,70.0,56.49999999999999,20.0,111.99999999999999,79.99999999999999,95.99999999999999,75.99999999999999,88.49999999999999,95.49999999999999,79.0,83.99999999999999,61.99999999999999,67.0,97.49999999999999,91.99999999999999,72.49999999999999,50.0,54.99999999999999,40.0,37.0,59.0,33.0,38.0,76.99999999999999,27.999999999999996,17.999999999999996,69.49999999999999,45.5,85.99999999999999,61.49999999999999,78.99999999999999,57.99999999999999,61.0,57.0,52.49999999999999,54.0,30.999999999999996,54.0,21.999999999999996,32.99999999999999,75.0,105.99999999999999,34.99999999999999,81.49999999999999,62.49999999999999,57.0,95.99999999999999,56.99999999999999,31.999999999999996,36.0,46.99999999999999,87.99999999999999,60.99999999999999,83.0,46.0,33.99999999999999,79.49999999999999,59.0,66.99999999999999,82.49999999999999,57.99999999999999,68.0,63.99999999999999,70.49999999999999,57.99999999999999,56.99999999999999,38.49999999999999
B_Dey9.jpg_persistence.pkl,15.999999999999998,43.0,34.0,29.0,38.0,25.0,24.0,45.99999999999999,33.99999999999999,0.0,29.0,28.0,31.5,19.999999999999996,89.0,31.5,42.0,31.5,30.499999999999996,37.0,46.99999999999999,36.0,29.0,58.99999999999999,27.0,29.0,31.999999999999996,29.0,33.99999999999999,29.0,36.0,38.0,57.0,63.0,41.0,29.0,94.99999999999999,58.0,75.0,48.0,76.0,87.0,48.0,72.0,50.0,43.0,94.0,70.0,70.0,36.0,35.99999999999999,37.0,29.0,37.0,33.0,35.0,47.0,33.0,31.0,48.99999999999999,23.0,54.0,43.99999999999999,65.99999999999999,36.99999999999999,37.0,34.0,39.99999999999999,35.0,37.0,36.0,33.99999999999999,29.0,48.0,87.0,23.999999999999996,75.5,40.0,38.0,73.0,36.0,32.0,35.0,31.0,86.0,49.0,51.0,30.999999999999996,36.0,69.0,31.999999999999996,57.99999999999999,68.0,38.0,49.0,42.0,51.0,38.0,50.0,28.0
B_Gen1.jpg_persistence.pkl,21.0,43.0,31.0,24.0,43.0,28.0,33.99999999999999,56.49999999999999,44.0,29.0,0.0,30.0,31.5,18.0,88.0,39.0,35.99999999999999,38.5,25.0,27.0,46.0,33.0,28.999999999999996,63.0,28.0,35.0,45.0,30.0,44.0,25.999999999999996,33.0,43.0,63.0,65.0,46.0,34.0,88.0,57.0,69.99999999999999,40.0,80.0,85.99999999999999,54.0,79.0,49.0,42.0,91.0,68.0,69.0,49.99999999999999,33.0,34.0,29.0,34.0,28.0,27.999999999999996,38.99999999999999,38.99999999999999,42.0,48.0,26.5,52.99999999999999,44.0,64.99999999999999,39.0,40.0,36.0,40.0,44.99999999999999,31.0,28.0,46.49999999999999,34.0,46.0,79.0,28.999999999999996,75.0,39.0,31.999999999999996,57.99999999999999,29.999999999999996,38.5,31.0,26.0,83.0,49.0,40.99999999999999,31.0,27.0,73.0,47.0,57.0,72.0,41.0,36.0,44.0,52.0,47.0,52.0,25.999999999999996
B_Gen10.jpg_persistence.pkl,27.0,43.0,36.99999999999999,27.0,43.0,36.0,41.0,58.99999999999999,47.49999999999999,28.0,30.0,0.0,31.499999999999996,26.0,75.99999999999999,47.49999999999999,52.0,46.0,30.0,38.0,47.99999999999999,32.99999999999999,39.0,50.0,26.0,47.0,45.99999999999999,33.0,47.49999999999999,25.0,46.0,45.0,63.0,61.99999999999999,44.0,37.99999999999999,91.99999999999999,63.99999999999999,78.0,40.99999999999999,82.0,78.0,66.99999999999999,72.0,50.0,59.0,94.0,68.0,70.0,48.99999999999999,37.0,30.999999999999996,37.0,45.0,28.0,35.0,50.0,42.0,44.99999999999999,47.99999999999999,35.0,72.0,50.0,58.99999999999999,50.99999999999999,40.0,40.0,38.0,46.99999999999999,21.0,44.0,47.49999999999999,41.99999999999999,61.99999999999999,89.99999999999999,22.0,77.0,52.99999999999999,50.0,51.99999999999999,40.99999999999999,47.49999999999999,35.0,23.0,86.0,53.0,52.0,36.0,24.0,67.99999999999999,49.0,57.0,70.99999999999999,46.0,53.99999999999999,51.0,47.0,48.0,48.99999999999999,23.0
B_Gen2.jpg_persistence.pkl,31.499999999999996,34.0,28.999999999999996,31.5,39.0,31.499999999999996,36.0,49.0,39.0,31.5,31.5,31.499999999999996,0.0,31.5,79.99999999999999,40.0,44.99999999999999,36.99999999999999,23.999999999999996,34.0,49.0,23.0,25.0,53.0,31.5,31.0,37.0,26.0,39.49999999999999,26.0,41.0,35.99999999999999,62.99999999999999,51.0,38.0,34.99999999999999,99.99999999999999,62.0,76.0,45.0,80.99999999999999,75.99999999999999,55.0,70.0,47.0,40.99999999999999,89.0,73.0,61.0,41.0,45.0,30.0,30.0,27.999999999999996,31.499999999999996,31.5,44.0,34.0,37.0,50.99999999999999,24.5,49.0,50.0,69.99999999999999,39.99999999999999,37.0,35.0,34.0,37.0,24.999999999999996,31.0,43.0,31.5,46.0,91.0,29.0,73.0,37.0,30.0,70.0,25.0,31.499999999999996,25.0,31.5,63.0,42.99999999999999,46.0,31.5,31.5,64.0,42.99999999999999,47.99999999999999,73.99999999999999,41.99999999999999,34.0,39.0,61.0,43.0,38.0,24.5
B_Gen3.jpg_persistence.pkl,16.5,45.0,31.0,24.0,47.0,24.0,26.0,47.99999999999999,36.0,19.999999999999996,18.0,26.0,31.5,0.0,92.0,31.0,45.99999999999999,30.0,20.0,35.0,48.99999999999999,33.0,18.999999999999996,60.0,26.0,30.0,36.0,24.999999999999996,35.99999999999999,21.0,42.0,35.99999999999999,67.0,66.0,38.99999999999999,23.999999999999996,101.0,63.0,76.99999999999999,46.0,81.5,87.99999999999999,53.0,77.0,52.0,39.0,95.0,75.0,72.49999999999999,44.99999999999999,46.0,30.0,27.999999999999996,31.999999999999996,18.0,20.0,45.0,30.0,31.999999999999996,59.0,21.0,57.0,50.99999999999999,76.0,42.0,40.0,46.0,41.0,43.0,21.999999999999996,31.0,35.99999999999999,27.0,47.0,92.0,25.999999999999996,77.0,38.0,37.0,71.0,32.99999999999999,28.999999999999996,27.0,17.5,87.99999999999999,49.0,49.0,34.0,23.999999999999996,74.0,43.0,60.0,74.99999999999999,42.99999999999999,44.99999999999999,40.0,61.99999999999999,45.0,52.99999999999999,24.0
B_Gen4.png_persistence.pkl,82.99999999999999,61.99999999999999,63.0,77.0,52.99999999999999,98.49999999999999,90.99999999999999,58.0,98.49999999999999,89.0,88.0,75.99999999999999,79.99999999999999,92.0,0.0,98.49999999999999,55.0,98.49999999999999,96.0,65.99999999999999,51.99999999999999,75.99999999999999,83.0,69.0,98.0,98.49999999999999,89.99999999999999,87.0,98.49999999999999,83.0,59.0,72.0,40.99999999999999,45.0,62.0,98.49999999999999,44.0,50.0,42.0,55.0,58.99999999999999,65.0,51.0,46.0,39.99999999999999,63.0,77.0,55.99999999999999,47.0,92.99999999999999,55.0,72.0,94.99999999999999,72.0,88.99999999999999,96.0,56.0,93.0,96.0,47.99999999999999,78.99999999999999,50.99999999999999,50.0,41.0,54.0,54.99999999999999,55.0,52.0,58.0,78.99999999999999,81.0,94.0,93.99999999999999,58.99999999999999,40.99999999999999,80.99999999999999,58.99999999999999,63.0,77.0,48.0,76.99999999999999,98.49999999999999,73.0,81.0,44.0,65.0,54.0,67.0,91.0,43.99999999999999,63.99999999999999,45.0,45.99999999999999,57.99999999999999,70.99999999999999,61.0,38.99999999999999,56.0,57.0,67.99999999999999
B_Gen5.jpeg_persistence.pkl,34.0,47.99999999999999,50.99999999999999,43.0,57.99999999999999,23.999999999999996,16.0,70.99999999999999,12.0,31.5,39.0,47.49999999999999,40.0,31.0,98.49999999999999,0.0,61.99999999999999,24.0,26.0,60.49999999999999,66.99999999999999,46.99999999999999,24.0,69.49999999999999,31.0,31.999999999999996,17.0,24.0,15.999999999999998,31.999999999999996,53.49999999999999,55.0,72.99999999999999,69.99999999999999,56.49999999999999,18.0,111.99999999999999,79.99999999999999,95.99999999999999,75.0,88.49999999999999,95.49999999999999,77.0,83.99999999999999,61.99999999999999,67.99999999999999,97.49999999999999,91.99999999999999,72.49999999999999,53.0,54.99999999999999,39.0,36.0,57.0,30.999999999999996,37.0,76.0,20.0,15.0,69.49999999999999,45.0,82.0,61.49999999999999,78.99999999999999,58.0,56.0,50.0,52.0,55.0,35.99999999999999,58.99999999999999,18.499999999999996,31.999999999999996,69.99999999999999,105.99999999999999,34.99999999999999,81.49999999999999,62.49999999999999,62.0,95.99999999999999,56.99999999999999,25.999999999999996,35.0,44.0,87.99999999999999,61.0,78.0,45.99999999999999,27.499999999999996,79.49999999999999,57.0,66.99999999999999,82.49999999999999,57.99999999999999,74.0,63.99999999999999,70.49999999999999,57.99999999999999,56.99999999999999,37.0
B_Gen6.jpg_persistence.pkl,40.99999999999999,39.0,34.0,39.99999999999999,39.0,61.49999999999999,55.0,36.0,61.99999999999999,42.0,35.99999999999999,52.0,44.99999999999999,45.99999999999999,55.0,61.99999999999999,0.0,59.99999999999999,50.0,37.99999999999999,28.999999999999996,32.99999999999999,52.99999999999999,51.0,45.99999999999999,61.0,59.99999999999999,53.0,61.5,52.99999999999999,18.0,31.0,32.0,42.0,41.0,61.0,58.0,43.0,52.0,26.999999999999996,63.0,63.0,37.0,50.99999999999999,37.0,28.999999999999996,75.99999999999999,53.0,48.99999999999999,40.0,31.0,40.0,56.0,31.0,44.0,55.0,27.999999999999996,57.0,58.99999999999999,23.0,34.0,31.999999999999996,31.0,31.999999999999996,26.0,25.0,27.0,27.0,33.0,37.99999999999999,34.5,61.99999999999999,57.0,31.0,45.99999999999999,49.99999999999999,70.0,35.99999999999999,33.0,37.99999999999999,26.999999999999996,61.99999999999999,51.0,40.99999999999999,59.0,29.0,29.0,34.49999999999999,40.99999999999999,48.0,36.99999999999999,38.0,52.0,27.999999999999996,42.0,30.0,30.0,35.5,30.999999999999996,36.0
B_Gen7.jpg_persistence.pkl,30.999999999999996,47.99999999999999,46.99999999999999,37.99999999999999,56.0,17.999999999999996,18.0,62.99999999999999,19.999999999999996,31.5,38.5,46.0,36.99999999999999,30.0,98.49999999999999,24.0,59.99999999999999,0.0,23.0,55.0,62.0,37.5,23.999999999999996,69.49999999999999,20.0,20.0,19.0,19.0,21.999999999999996,21.0,53.5,52.99999999999999,73.0,69.99999999999999,51.0,19.0,111.99999999999999,75.0,92.0,66.0,88.49999999999999,95.49999999999999,76.0,83.99999999999999,59.0,62.0,97.49999999999999,87.0,72.49999999999999,53.0,54.99999999999999,37.99999999999999,24.0,49.99999999999999,24.0,22.999999999999996,65.0,15.0,20.0,65.99999999999999,44.0,80.0,61.49999999999999,78.99999999999999,54.99999999999999,50.0,48.5,48.5,50.99999999999999,26.0,47.99999999999999,27.0,26.999999999999996,70.0,104.0,31.0,77.0,62.49999999999999,47.0,91.0,45.0,23.0,27.5,33.0,87.99999999999999,59.99999999999999,67.0,43.0,24.999999999999996,79.49999999999999,58.0,66.99999999999999,82.49999999999999,55.0,50.0,59.99999999999999,70.49999999999999,55.99999999999999,56.99999999999999,30.5
B_Gen8.jpg_persistence.pkl,21.5,46.0,32.99999999999999,28.0,46.0,19.999999999999996,23.0,51.0,26.499999999999996,30.499999999999996,25.0,30.0,23.999999999999996,20.0,96.0,26.0,50.0,23.0,0.0,38.99999999999999,54.0,28.999999999999996,24.0,64.99999999999999,20.0,24.999999999999996,26.5,19.0,26.5,18.0,45.99999999999999,39.0,71.0,63.0,43.0,20.0,104.99999999999999,67.0,81.0,50.0,85.0,92.0,60.99999999999999,82.0,56.0,48.0,94.0,77.99999999999999,70.0,41.0,50.0,32.99999999999999,21.999999999999996,36.0,20.0,20.999999999999996,52.0,19.999999999999996,25.0,59.0,21.999999999999996,64.99999999999999,55.0,77.0,45.99999999999999,42.0,44.99999999999999,44.0,42.0,20.999999999999996,38.99999999999999,28.0,20.999999999999996,50.99999999999999,96.0,21.0,77.0,42.0,44.0,75.0,38.99999999999999,25.0,27.0,24.0,75.0,47.0,60.99999999999999,38.0,20.0,75.99999999999999,42.0,64.0,78.99999999999999,47.0,54.0,44.0,66.0,43.99999999999999,49.99999999999999,28.0
B_Gen9.jpg_persistence.pkl,37.0,39.0,28.0,24.0,39.0,45.0,51.99999999999999,52.0,60.49999999999999,37.0,27.0,38.0,34.0,35.0,65.99999999999999,60.49999999999999,37.99999999999999,55.0,38.99999999999999,0.0,42.99999999999999,27.999999999999996,48.0,41.0,35.0,56.0,58.99999999999999,41.99999999999999,60.49999999999999,42.0,32.0,40.0,54.0,53.0,39.0,47.0,91.0,54.0,73.0,27.0,78.0,75.5,54.0,62.0,46.0,41.0,90.0,64.49999999999999,64.5,42.99999999999999,31.0,35.0,51.0,30.5,40.0,43.99999999999999,30.0,56.0,59.0,44.0,22.999999999999996,43.0,42.99999999999999,56.0,37.0,36.0,34.0,38.5,40.99999999999999,36.0,32.0,60.49999999999999,53.99999999999999,44.0,79.0,33.99999999999999,74.0,31.0,27.0,43.99999999999999,29.0,60.49999999999999,44.0,24.0,74.0,46.0,35.0,33.0,36.0,59.0,45.0,51.49999999999999,68.99999999999999,43.0,31.0,36.99999999999999,43.0,46.0,47.0,25.0
B_Goya1.jpg_persistence.pkl,46.0,35.0,37.0,46.0,38.0,59.0,57.0,48.0,66.99999999999999,46.99999999999999,46.0,47.99999999999999,49.0,48.99999999999999,51.99999999999999,66.99999999999999,28.999999999999996,62.0,54.0,42.99999999999999,0.0,36.0,57.0,48.0,52.0,66.0,62.0,56.0,66.0,44.99999999999999,31.0,37.99999999999999,31.999999999999996,35.99999999999999,45.0,60.99999999999999,55.0,45.0,40.0,35.0,49.99999999999999,59.0,44.99999999999999,38.99999999999999,33.99999999999999,43.0,69.99999999999999,50.0,43.0,49.0,33.0,44.0,59.99999999999999,32.0,46.99999999999999,58.0,34.0,60.0,64.0,32.99999999999999,39.0,44.0,28.999999999999996,37.0,22.0,27.0,28.0,26.0,30.0,38.0,36.0,66.99999999999999,58.0,47.0,47.0,41.99999999999999,50.0,39.0,34.0,35.99999999999999,36.0,66.99999999999999,56.0,39.0,51.0,43.0,36.0,35.0,49.0,38.99999999999999,31.999999999999996,36.99999999999999,40.0,33.0,38.0,41.0,33.0,32.0,31.999999999999996,39.0
B_Goya10.jpg_persistence.pkl,33.0,44.99999999999999,24.0,33.0,41.0,38.0,38.0,39.0,48.5,36.0,33.0,32.99999999999999,23.0,33.0,75.99999999999999,46.99999999999999,32.99999999999999,37.5,28.999999999999996,27.999999999999996,36.0,0.0,32.0,51.0,34.0,37.0,48.49999999999999,31.999999999999996,48.5,35.99999999999999,23.999999999999996,28.0,53.0,51.0,40.5,33.0,83.0,47.0,65.0,29.999999999999996,69.0,74.0,44.99999999999999,70.0,37.0,32.0,79.0,58.0,55.0,37.0,28.0,26.999999999999996,37.0,23.999999999999996,33.0,33.0,28.999999999999996,41.0,46.0,34.0,27.0,49.0,32.99999999999999,52.99999999999999,25.999999999999996,28.0,22.0,31.0,26.999999999999996,28.0,27.999999999999996,48.49999999999999,42.99999999999999,37.0,76.0,34.99999999999999,67.99999999999999,30.999999999999996,26.0,55.0,24.0,45.0,28.0,33.0,63.0,37.0,39.99999999999999,32.99999999999999,33.0,63.99999999999999,34.0,46.99999999999999,58.0,30.0,37.99999999999999,29.0,44.0,31.0,38.0,21.0
B_Goya2.jpg_persistence.pkl,21.0,36.0,32.99999999999999,28.0,49.0,24.0,21.0,53.0,24.0,29.0,28.999999999999996,39.0,25.0,18.999999999999996,83.0,24.0,52.99999999999999,23.999999999999996,24.0,48.0,57.0,32.0,0.0,50.0,22.999999999999996,24.0,23.999999999999996,17.0,24.0,19.0,46.0,43.0,65.0,58.0,46.99999999999999,24.0,107.0,70.0,86.0,61.99999999999999,81.0,79.0,65.0,69.0,51.99999999999999,50.0,90.0,82.0,66.5,42.0,49.0,32.0,25.0,44.0,18.0,23.999999999999996,61.0,24.0,24.0,60.0,30.0,69.0,57.0,69.0,41.99999999999999,45.99999999999999,42.0,38.0,43.0,22.0,41.0,24.5,19.0,60.0,98.0,24.0,75.5,50.99999999999999,47.0,84.0,42.0,24.0,22.0,29.0,75.0,49.0,67.99999999999999,32.0,22.999999999999996,59.0,44.0,53.99999999999999,75.0,49.0,52.99999999999999,53.0,63.99999999999999,49.0,38.99999999999999,26.0
B_Goya3.jpg_persistence.pkl,57.0,40.99999999999999,34.0,52.0,41.0,69.49999999999999,63.0,49.0,69.49999999999999,58.99999999999999,63.0,50.0,53.0,60.0,69.0,69.49999999999999,51.0,69.49999999999999,64.99999999999999,41.0,48.0,51.0,50.0,0.0,68.99999999999999,69.49999999999999,65.0,61.0,69.49999999999999,58.0,42.99999999999999,44.99999999999999,53.0,52.0,43.99999999999999,69.49999999999999,93.99999999999999,61.0,80.0,42.99999999999999,76.99999999999999,73.99999999999999,60.99999999999999,68.0,50.0,46.0,88.0,66.99999999999999,57.0,65.99999999999999,39.99999999999999,47.0,62.0,40.0,62.0,65.0,46.0,67.99999999999999,69.49999999999999,40.0,48.0,59.0,50.0,59.99999999999999,44.0,44.0,36.0,42.0,44.0,53.99999999999999,55.0,66.0,66.0,51.0,92.0,55.99999999999999,73.0,40.0,52.0,58.0,50.99999999999999,69.49999999999999,48.0,52.0,35.99999999999999,45.0,58.0,42.0,64.0,48.99999999999999,44.99999999999999,51.0,65.99999999999999,43.0,53.0,47.99999999999999,47.0,48.0,37.99999999999999,43.0
B_Goya4.jpg_persistence.pkl,23.0,47.99999999999999,37.5,29.0,48.0,21.999999999999996,26.0,61.0,38.0,27.0,28.0,26.0,31.5,26.0,98.0,31.0,45.99999999999999,20.0,20.0,35.0,52.0,34.0,22.999999999999996,68.99999999999999,0.0,24.0,36.0,20.0,38.0,20.999999999999996,45.99999999999999,48.0,67.0,70.0,44.99999999999999,28.0,101.0,64.0,80.0,46.0,83.99999999999999,95.49999999999999,65.99999999999999,83.99999999999999,59.0,53.99999999999999,94.99999999999999,76.0,72.49999999999999,51.0,46.0,34.0,29.999999999999996,46.99999999999999,19.0,25.0,49.99999999999999,31.0,36.0,59.0,34.0,70.0,52.0,77.0,47.0,47.0,46.0,48.5,47.0,26.0,45.0,38.99999999999999,30.0,62.0,92.0,19.0,77.0,49.0,42.99999999999999,70.99999999999999,35.0,29.0,25.0,21.0,87.99999999999999,55.0,47.0,38.0,25.0,79.49999999999999,50.0,66.99999999999999,75.0,49.0,45.0,49.0,62.0,48.0,56.99999999999999,29.999999999999996
B_Goya5.jpg_persistence.pkl,24.0,47.99999999999999,39.0,33.0,57.0,15.0,32.0,59.0,30.999999999999996,29.0,35.0,47.0,31.0,30.0,98.49999999999999,31.999999999999996,61.0,20.0,24.999999999999996,56.0,66.0,37.0,24.0,69.49999999999999,24.0,0.0,21.0,23.0,30.0,24.0,49.99999999999999,46.0,73.0,70.0,55.0,19.999999999999996,111.99999999999999,78.0,95.99999999999999,67.0,88.0,95.49999999999999,69.0,83.99999999999999,61.99999999999999,56.0,97.49999999999999,91.0,72.49999999999999,46.99999999999999,53.0,36.0,18.0,43.0,24.0,21.0,66.0,21.0,23.999999999999996,69.49999999999999,37.0,73.0,61.0,78.99999999999999,50.99999999999999,47.0,48.49999999999999,48.49999999999999,51.0,28.999999999999996,42.99999999999999,28.0,15.999999999999998,66.0,105.0,33.0,79.0,58.99999999999999,43.0,92.0,39.99999999999999,14.0,27.499999999999996,34.0,87.99999999999999,54.0,67.99999999999999,40.0,25.999999999999996,79.49999999999999,51.0,66.99999999999999,82.0,56.0,51.0,60.99999999999999,68.99999999999999,57.0,56.99999999999999,35.0
B_Goya6.jpg_persistence.pkl,35.0,47.99999999999999,48.0,44.99999999999999,57.0,19.0,21.999999999999996,68.99999999999999,20.999999999999996,31.999999999999996,45.0,45.99999999999999,37.0,36.0,89.99999999999999,17.0,59.99999999999999,19.0,26.5,58.99999999999999,62.0,48.49999999999999,23.999999999999996,65.0,36.0,21.0,0.0,26.0,22.0,25.999999999999996,56.0,57.0,74.99999999999999,70.0,51.0,18.5,103.99999999999999,74.0,92.0,75.99999999999999,85.0,87.99999999999999,78.0,83.99999999999999,59.0,67.0,95.5,87.0,72.49999999999999,55.0,48.0,38.0,22.0,58.0,34.0,22.0,76.99999999999999,14.0,17.0,66.0,45.49999999999999,85.99999999999999,59.5,76.0,58.0,61.0,56.0,52.49999999999999,54.0,31.999999999999996,55.0,24.0,26.0,73.0,100.0,34.0,76.99999999999999,61.99999999999999,56.99999999999999,94.0,58.0,18.0,28.0,46.99999999999999,87.99999999999999,63.5,83.0,47.0,26.0,79.49999999999999,58.0,64.5,77.0,54.99999999999999,68.99999999999999,63.0,62.99999999999999,57.0,56.99999999999999,38.49999999999999
B_Goya7.jpg_persistence.pkl,22.0,44.0,31.999999999999996,24.0,44.0,19.0,18.0,59.0,26.0,29.0,30.0,33.0,26.0,24.999999999999996,87.0,24.0,53.0,19.0,19.0,41.99999999999999,56.0,31.999999999999996,17.0,61.0,20.0,23.0,26.0,0.0,26.0,15.0,41.0,45.0,64.99999999999999,65.0,45.99999999999999,17.0,100.99999999999999,70.0,84.0,53.0,80.99999999999999,85.0,64.0,74.99999999999999,53.0,49.0,91.99999999999999,81.0,70.0,48.0,44.0,32.0,23.999999999999996,46.0,20.0,25.0,51.99999999999999,18.999999999999996,23.0,56.99999999999999,28.999999999999996,65.0,52.0,70.99999999999999,48.0,40.0,42.0,38.0,45.99999999999999,23.0,47.0,25.999999999999996,25.999999999999996,65.0,97.99999999999999,19.0,75.0,47.99999999999999,43.0,78.0,45.0,24.0,27.0,22.0,86.0,52.0,62.0,37.0,21.999999999999996,71.0,48.99999999999999,56.0,73.0,50.0,52.0,46.99999999999999,60.0,45.0,51.99999999999999,20.999999999999996
B_Goya8.jpg_persistence.pkl,34.49999999999999,47.99999999999999,48.5,44.99999999999999,57.99999999999999,24.0,14.5,68.0,10.0,33.99999999999999,44.0,47.49999999999999,39.49999999999999,35.99999999999999,98.49999999999999,15.999999999999998,61.5,21.999999999999996,26.5,60.49999999999999,66.0,48.5,24.0,69.49999999999999,38.0,30.0,22.0,26.0,0.0,27.0,57.0,56.0,77.0,70.0,55.0,19.0,110.99999999999999,77.99999999999999,95.99999999999999,75.99999999999999,88.49999999999999,95.49999999999999,79.0,83.99999999999999,61.99999999999999,66.99999999999999,97.49999999999999,91.0,72.49999999999999,54.0,54.99999999999999,41.0,36.0,59.5,33.0,36.99999999999999,76.99999999999999,29.0,14.0,69.49999999999999,45.5,85.99999999999999,60.99999999999999,78.99999999999999,58.0,61.99999999999999,56.99999999999999,52.49999999999999,53.99999999999999,32.0,54.0,18.5,35.0,75.0,102.0,34.99999999999999,79.0,62.49999999999999,60.0,95.99999999999999,56.99999999999999,29.0,36.0,46.99999999999999,87.99999999999999,60.99999999999999,83.99999999999999,45.99999999999999,34.0,79.49999999999999,59.0,66.99999999999999,82.49999999999999,54.0,68.0,63.99999999999999,70.49999999999999,57.99999999999999,56.99999999999999,38.0
B_Goya9.jpg_persistence.pkl,21.0,44.0,33.0,32.0,40.0,18.5,31.0,54.99999999999999,28.0,29.0,25.999999999999996,25.0,26.0,21.0,83.0,31.999999999999996,52.99999999999999,21.0,18.0,42.0,44.99999999999999,35.99999999999999,19.0,58.0,20.999999999999996,24.0,25.999999999999996,15.0,27.0,0.0,40.99999999999999,42.0,59.99999999999999,66.99999999999999,43.0,21.0,97.0,60.0,79.0,62.0,78.0,81.0,65.0,78.0,52.0,53.99999999999999,88.0,69.99999999999999,69.0,49.0,39.99999999999999,27.999999999999996,16.0,41.99999999999999,19.999999999999996,18.0,65.0,21.999999999999996,25.0,47.0,32.0,69.99999999999999,48.0,62.0,42.99999999999999,45.0,39.0,39.0,44.0,21.0,39.0,31.5,17.0,56.99999999999999,89.99999999999999,23.999999999999996,75.49999999999999,46.0,38.0,77.0,39.0,24.0,20.0,33.0,83.0,49.0,67.0,30.999999999999996,21.999999999999996,75.0,44.5,52.0,70.0,43.0,50.0,50.0,55.0,46.0,53.99999999999999,23.0
B_Klimt1.jpg_persistence.pkl,34.99999999999999,40.0,25.999999999999996,32.99999999999999,40.0,51.49999999999999,45.0,32.0,57.0,36.0,33.0,46.0,41.0,42.0,59.0,53.49999999999999,18.0,53.5,45.99999999999999,32.0,31.0,23.999999999999996,46.0,42.99999999999999,45.99999999999999,49.99999999999999,56.0,41.0,57.0,40.99999999999999,0.0,21.0,40.99999999999999,31.999999999999996,32.0,51.5,70.0,36.99999999999999,54.0,25.0,60.0,61.5,33.0,51.0,31.0,21.0,72.99999999999999,50.99999999999999,51.0,38.5,31.0,30.999999999999996,48.99999999999999,20.999999999999996,39.99999999999999,46.0,27.0,51.0,54.99999999999999,27.0,30.0,36.0,25.999999999999996,48.0,22.0,19.999999999999996,18.0,28.999999999999996,23.999999999999996,32.99999999999999,28.0,58.49999999999999,48.0,28.0,59.0,43.99999999999999,69.5,32.99999999999999,28.0,48.0,29.0,51.49999999999999,44.0,30.999999999999996,55.0,33.0,27.999999999999996,28.499999999999996,38.49999999999999,45.0,31.0,39.0,52.99999999999999,24.999999999999996,34.0,27.0,35.0,30.0,23.0,32.0
B_Klimt10.jpeg_persistence.pkl,31.999999999999996,48.0,31.999999999999996,34.0,44.0,45.0,48.0,22.999999999999996,56.0,38.0,43.0,45.0,35.99999999999999,35.99999999999999,72.0,55.0,31.0,52.99999999999999,39.0,40.0,37.99999999999999,28.0,43.0,44.99999999999999,48.0,46.0,57.0,45.0,56.0,42.0,21.0,0.0,43.0,34.99999999999999,32.0,46.0,74.99999999999999,44.99999999999999,58.99999999999999,28.0,61.99999999999999,70.0,28.999999999999996,53.0,33.0,20.5,72.0,56.0,48.0,35.5,33.0,28.999999999999996,47.99999999999999,24.999999999999996,36.0,42.99999999999999,26.999999999999996,51.0,56.0,31.999999999999996,30.0,32.0,29.999999999999996,49.0,24.0,23.0,20.999999999999996,36.0,22.999999999999996,33.0,29.0,59.49999999999999,46.0,30.0,69.0,50.0,61.0,40.0,26.0,53.0,26.0,51.0,43.0,34.0,59.0,39.99999999999999,29.0,25.0,37.99999999999999,46.99999999999999,28.0,40.99999999999999,53.0,25.0,41.5,30.0,35.99999999999999,20.0,22.0,34.0
B_Klimt2.jpg_persistence.pkl,59.0,42.0,43.99999999999999,54.99999999999999,38.0,73.0,64.99999999999999,41.0,77.0,57.0,63.0,63.0,62.99999999999999,67.0,40.99999999999999,72.99999999999999,32.0,73.0,71.0,54.0,31.999999999999996,53.0,65.0,53.0,67.0,73.0,74.99999999999999,64.99999999999999,77.0,59.99999999999999,40.99999999999999,43.0,0.0,29.999999999999996,60.0,73.0,54.0,28.0,38.0,45.0,39.0,38.0,31.999999999999996,23.0,28.999999999999996,40.0,52.0,31.0,40.99999999999999,68.0,49.0,54.99999999999999,69.0,42.0,64.0,67.99999999999999,46.0,69.5,75.0,42.99999999999999,53.0,31.999999999999996,27.0,22.5,38.0,36.0,39.0,38.0,36.0,52.0,52.99999999999999,77.49999999999999,70.99999999999999,43.0,55.99999999999999,57.99999999999999,48.0,47.0,53.99999999999999,33.0,53.0,72.99999999999999,63.0,54.0,38.0,33.0,39.0,49.49999999999999,65.99999999999999,46.0,38.0,18.999999999999996,27.999999999999996,29.0,50.99999999999999,37.99999999999999,32.0,37.0,34.0,51.0
B_Klimt3.jpg_persistence.pkl,66.0,44.0,46.0,64.0,40.5,70.0,65.0,45.0,70.0,63.0,65.0,61.99999999999999,51.0,66.0,45.0,69.99999999999999,42.0,69.99999999999999,63.0,53.0,35.99999999999999,51.0,58.0,52.0,70.0,70.0,70.0,65.0,70.0,66.99999999999999,31.999999999999996,34.99999999999999,29.999999999999996,0.0,49.0,70.0,56.0,31.999999999999996,35.0,54.0,52.0,61.0,38.0,36.0,32.0,40.99999999999999,69.99999999999999,46.0,46.0,70.0,41.0,55.0,65.99999999999999,51.99999999999999,66.0,69.0,47.0,70.0,70.0,31.0,57.0,28.999999999999996,36.99999999999999,27.999999999999996,41.0,35.0,42.0,35.0,39.0,51.0,60.0,72.0,63.0,46.0,51.0,65.0,62.0,50.0,54.0,34.0,59.99999999999999,69.99999999999999,54.0,60.0,31.0,36.0,45.0,54.0,70.0,50.0,46.0,27.999999999999996,42.0,33.0,47.0,40.0,27.0,42.99999999999999,22.0,55.0
B_Klimt4.jpg_persistence.pkl,36.0,49.0,40.49999999999999,38.0,46.5,49.0,46.0,35.0,56.49999999999999,41.0,46.0,44.0,38.0,38.99999999999999,62.0,56.49999999999999,41.0,51.0,43.0,39.0,45.0,40.5,46.99999999999999,43.99999999999999,44.99999999999999,55.0,51.0,45.99999999999999,55.0,43.0,32.0,32.0,60.0,49.0,0.0,51.0,86.0,47.99999999999999,66.0,33.0,79.5,70.0,44.0,60.99999999999999,46.0,31.999999999999996,91.0,60.0,66.5,31.0,37.0,31.0,50.0,32.99999999999999,39.99999999999999,48.0,37.0,50.0,53.0,48.0,33.0,49.5,40.0,62.0,34.0,33.0,27.0,41.0,34.0,34.99999999999999,40.0,56.49999999999999,46.99999999999999,40.0,73.99999999999999,44.0,75.99999999999999,44.0,34.99999999999999,46.99999999999999,31.999999999999996,56.49999999999999,45.0,29.999999999999996,73.0,49.0,46.99999999999999,34.0,29.0,67.0,34.0,53.99999999999999,66.99999999999999,39.0,42.0,39.5,49.0,36.99999999999999,40.0,32.0
B_Klimt5.jpg_persistence.pkl,25.0,47.99999999999999,45.99999999999999,31.0,50.5,17.0,18.0,62.0,20.0,29.0,34.0,37.99999999999999,34.99999999999999,23.999999999999996,98.49999999999999,18.0,61.0,19.0,20.0,47.0,60.99999999999999,33.0,24.0,69.49999999999999,28.0,19.999999999999996,18.5,17.0,19.0,21.0,51.5,46.0,73.0,70.0,51.0,0.0,111.99999999999999,74.99999999999999,89.5,58.0,88.49999999999999,95.49999999999999,68.0,83.99999999999999,61.5,59.0,97.49999999999999,86.0,72.49999999999999,46.99999999999999,54.99999999999999,38.0,24.0,48.0,25.0,23.0,60.0,13.999999999999998,17.0,63.0,34.99999999999999,71.99999999999999,61.49999999999999,78.99999999999999,51.0,49.0,48.5,48.5,49.99999999999999,26.0,53.99999999999999,22.999999999999996,19.0,64.99999999999999,104.0,23.0,77.0,50.0,57.0,83.0,48.0,17.999999999999996,27.5,31.999999999999996,87.99999999999999,55.0,71.0,40.0,21.999999999999996,79.49999999999999,48.49999999999999,66.99999999999999,82.49999999999999,55.0,66.0,55.0,70.49999999999999,49.99999999999999,56.99999999999999,30.5
B_Klimt6.jpg_persistence.pkl,90.0,82.0,87.99999999999999,85.0,63.0,111.0,100.0,65.0,111.99999999999999,94.99999999999999,88.0,91.99999999999999,99.99999999999999,101.0,44.0,111.99999999999999,58.0,111.99999999999999,104.99999999999999,91.0,55.0,83.0,107.0,93.99999999999999,101.0,111.99999999999999,103.99999999999999,100.99999999999999,110.99999999999999,97.0,70.0,74.99999999999999,54.0,56.0,86.0,111.99999999999999,0.0,53.0,50.0,71.0,74.0,66.5,60.0,53.0,55.0,67.0,76.0,52.99999999999999,67.99999999999999,93.0,65.99999999999999,92.0,106.0,79.0,99.0,105.0,63.0,107.0,111.0,53.99999999999999,89.0,50.99999999999999,51.0,42.5,67.0,68.0,72.0,74.0,70.0,91.0,84.0,111.99999999999999,105.0,59.99999999999999,53.0,89.99999999999999,73.0,66.99999999999999,83.0,60.0,82.0,111.99999999999999,98.0,87.99999999999999,70.99999999999999,69.99999999999999,64.99999999999999,74.99999999999999,92.0,65.99999999999999,65.0,56.99999999999999,61.0,62.0,88.99999999999999,60.99999999999999,52.99999999999999,64.99999999999999,75.0,91.0
B_Klimt7.jpg_persistence.pkl,59.99999999999999,53.99999999999999,50.99999999999999,51.0,41.0,73.0,69.0,27.0,79.99999999999999,58.0,57.0,63.99999999999999,62.0,63.0,50.0,79.99999999999999,43.0,75.0,67.0,54.0,45.0,47.0,70.0,61.0,64.0,78.0,74.0,70.0,77.99999999999999,60.0,36.99999999999999,44.99999999999999,28.0,31.999999999999996,47.99999999999999,74.99999999999999,53.0,0.0,31.999999999999996,37.99999999999999,42.0,43.0,22.0,33.0,31.0,35.0,59.0,25.0,44.0,56.0,47.0,50.0,74.0,41.0,61.0,72.0,41.0,73.99999999999999,76.0,45.0,51.0,29.999999999999996,30.0,23.0,36.0,32.0,41.0,37.99999999999999,33.0,49.0,46.0,79.99999999999999,70.0,40.99999999999999,57.0,63.0,59.0,57.0,45.0,46.99999999999999,44.0,79.99999999999999,67.99999999999999,52.0,47.99999999999999,39.99999999999999,37.0,47.0,53.0,56.99999999999999,36.0,29.0,33.0,28.0,56.0,30.0,33.99999999999999,26.999999999999996,36.99999999999999,53.0
B_Klimt8.jpg_persistence.pkl,75.99999999999999,66.0,65.0,69.0,45.99999999999999,89.49999999999999,87.0,44.0,95.99999999999999,75.0,69.99999999999999,78.0,76.0,76.99999999999999,42.0,95.99999999999999,52.0,92.0,81.0,73.0,40.0,65.0,86.0,80.0,80.0,95.99999999999999,92.0,84.0,95.99999999999999,79.0,54.0,58.99999999999999,38.0,35.0,66.0,89.5,50.0,31.999999999999996,0.0,50.0,39.0,47.0,35.99999999999999,28.0,40.0,44.99999999999999,56.0,32.99999999999999,49.0,68.99999999999999,55.0,71.99999999999999,88.0,61.0,75.0,86.0,58.0,88.0,92.99999999999999,56.0,65.0,39.99999999999999,43.0,34.0,49.99999999999999,50.0,54.99999999999999,55.0,47.0,69.99999999999999,60.0,95.99999999999999,87.99999999999999,44.0,58.0,70.99999999999999,51.0,64.99999999999999,60.0,55.0,58.0,95.99999999999999,86.0,73.0,55.99999999999999,47.99999999999999,49.0,63.0,71.0,51.99999999999999,50.0,35.0,30.0,48.0,69.0,45.99999999999999,40.0,45.0,55.0,67.0
B_Klimt9.jpg_persistence.pkl,50.0,44.0,34.0,33.99999999999999,42.99999999999999,65.0,63.99999999999999,32.99999999999999,75.99999999999999,48.0,40.0,40.99999999999999,45.0,46.0,55.0,75.0,26.999999999999996,66.0,50.0,27.0,35.0,29.999999999999996,61.99999999999999,42.99999999999999,46.0,67.0,75.99999999999999,53.0,75.99999999999999,62.0,25.0,28.0,45.0,54.0,33.0,58.0,71.0,37.99999999999999,50.0,0.0,61.0,64.0,33.0,50.99999999999999,38.0,22.0,79.99999999999999,52.0,63.0,38.0,38.99999999999999,46.0,63.0,30.5,50.99999999999999,55.0,19.999999999999996,69.0,74.0,40.0,33.99999999999999,41.99999999999999,31.999999999999996,48.99999999999999,24.0,26.999999999999996,27.0,37.0,28.0,53.0,30.999999999999996,75.99999999999999,70.0,32.99999999999999,59.0,47.0,70.0,34.99999999999999,28.0,39.99999999999999,27.0,75.0,54.99999999999999,33.0,66.0,43.0,20.999999999999996,38.0,53.0,56.99999999999999,30.999999999999996,46.0,52.99999999999999,31.0,33.0,34.0,36.0,30.0,42.99999999999999,39.0
B_Mithila1.jpg_persistence.pkl,77.0,68.0,61.0,78.99999999999999,46.0,88.49999999999999,78.0,56.0,88.49999999999999,76.0,80.0,82.0,80.99999999999999,81.5,58.99999999999999,88.49999999999999,63.0,88.49999999999999,85.0,78.0,49.99999999999999,69.0,81.0,76.99999999999999,83.99999999999999,88.0,85.0,80.99999999999999,88.49999999999999,78.0,60.0,61.99999999999999,39.0,52.0,79.5,88.49999999999999,74.0,42.0,39.0,61.0,0.0,30.0,43.99999999999999,29.0,46.0,58.0,41.0,27.0,45.99999999999999,76.0,66.0,72.99999999999999,85.99999999999999,60.0,79.0,84.99999999999999,69.0,83.0,87.0,66.0,68.99999999999999,58.0,48.0,46.0,51.0,60.99999999999999,62.0,54.99999999999999,52.0,73.0,66.0,84.99999999999999,85.0,61.99999999999999,66.0,74.0,51.0,76.0,63.0,67.0,67.99999999999999,88.49999999999999,79.5,73.0,53.99999999999999,55.99999999999999,65.0,67.0,82.0,58.99999999999999,55.0,46.0,42.0,51.0,71.0,57.0,60.0,46.0,60.0,68.0
B_Mithila10.jpg_persistence.pkl,80.0,65.0,59.0,76.0,48.99999999999999,95.49999999999999,89.0,57.0,95.49999999999999,87.0,85.99999999999999,78.0,75.99999999999999,87.99999999999999,65.0,95.49999999999999,63.0,95.49999999999999,92.0,75.5,59.0,74.0,79.0,73.99999999999999,95.49999999999999,95.49999999999999,87.99999999999999,85.0,95.49999999999999,81.0,61.5,70.0,38.0,61.0,70.0,95.49999999999999,66.5,43.0,47.0,64.0,30.0,0.0,53.0,36.99999999999999,44.0,61.0,35.5,35.0,43.0,90.99999999999999,64.0,69.99999999999999,91.0,68.0,85.0,91.99999999999999,60.0,91.0,93.99999999999999,61.0,75.0,57.0,48.0,46.0,57.99999999999999,54.0,57.0,50.0,56.0,77.0,79.0,91.99999999999999,92.0,59.99999999999999,67.0,78.99999999999999,58.0,70.0,75.0,63.99999999999999,75.0,95.49999999999999,76.0,77.0,54.0,61.0,65.0,66.0,89.0,67.0,62.0,42.0,54.0,56.0,71.0,59.0,63.0,54.0,53.0,66.0
B_Mithila2.jpg_persistence.pkl,48.0,56.99999999999999,43.99999999999999,51.0,42.99999999999999,68.0,67.0,23.0,79.0,48.0,54.0,66.99999999999999,55.0,53.0,51.0,77.0,37.0,76.0,60.99999999999999,54.0,44.99999999999999,44.99999999999999,65.0,60.99999999999999,65.99999999999999,69.0,78.0,64.0,79.0,65.0,33.0,28.999999999999996,31.999999999999996,38.0,44.0,68.0,60.0,22.0,35.99999999999999,33.0,43.99999999999999,53.0,0.0,47.0,35.0,27.0,70.0,33.0,54.99999999999999,41.99999999999999,52.0,50.0,70.0,36.99999999999999,52.0,65.0,39.99999999999999,72.0,76.99999999999999,42.99999999999999,46.0,34.0,32.99999999999999,30.0,31.0,36.0,34.99999999999999,37.0,28.999999999999996,54.99999999999999,33.0,79.49999999999999,68.0,35.0,53.0,66.0,63.0,53.0,36.0,42.99999999999999,38.99999999999999,74.0,65.0,51.99999999999999,62.0,43.0,32.0,37.99999999999999,57.99999999999999,58.0,29.999999999999996,32.0,41.0,28.0,52.5,33.99999999999999,33.0,27.0,33.99999999999999,55.0
B_Mithila3.jpg_persistence.pkl,78.0,50.99999999999999,55.0,73.0,46.99999999999999,83.99999999999999,82.0,54.0,83.99999999999999,72.0,79.0,72.0,70.0,77.0,46.0,83.99999999999999,50.99999999999999,83.99999999999999,82.0,62.0,38.99999999999999,70.0,69.0,68.0,83.99999999999999,83.99999999999999,83.99999999999999,74.99999999999999,83.99999999999999,78.0,51.0,53.0,23.0,36.0,60.99999999999999,83.99999999999999,53.0,33.0,28.0,50.99999999999999,29.0,36.99999999999999,47.0,0.0,33.0,59.0,45.0,26.0,32.0,83.99999999999999,52.0,67.99999999999999,76.0,61.0,78.99999999999999,82.0,52.0,83.99999999999999,83.99999999999999,48.0,68.99999999999999,38.0,46.0,26.999999999999996,50.0,44.0,51.0,44.0,48.0,62.0,71.99999999999999,77.0,74.0,54.99999999999999,51.0,77.0,43.0,59.99999999999999,64.99999999999999,44.99999999999999,69.0,83.99999999999999,68.0,73.0,42.0,39.99999999999999,49.99999999999999,63.0,83.99999999999999,49.49999999999999,54.99999999999999,26.999999999999996,31.999999999999996,41.99999999999999,66.0,56.99999999999999,40.0,52.0,39.0,63.99999999999999
B_Mithila4.jpeg_persistence.pkl,51.0,38.0,34.5,50.0,33.0,61.5,55.0,35.0,61.99999999999999,50.0,49.0,50.0,47.0,52.0,39.99999999999999,61.99999999999999,37.0,59.0,56.0,46.0,33.99999999999999,37.0,51.99999999999999,50.0,59.0,61.99999999999999,59.0,53.0,61.99999999999999,52.0,31.0,33.0,28.999999999999996,32.0,46.0,61.5,55.0,31.0,40.0,38.0,46.0,44.0,35.0,33.0,0.0,33.5,56.0,32.0,45.0,54.0,36.0,44.0,55.0,33.0,49.0,56.0,35.0,56.0,59.0,34.0,43.0,39.0,17.0,32.0,30.0,25.0,30.0,25.0,34.5,41.0,42.0,61.99999999999999,55.99999999999999,39.0,45.99999999999999,49.0,59.99999999999999,41.0,38.0,40.0,37.99999999999999,61.99999999999999,52.0,43.0,47.0,31.999999999999996,36.99999999999999,35.0,51.99999999999999,44.0,34.5,28.999999999999996,34.99999999999999,30.0,44.99999999999999,28.0,31.0,28.999999999999996,27.0,37.0
B_Mithila5.jpg_persistence.pkl,39.99999999999999,48.0,33.0,40.99999999999999,42.0,56.0,56.99999999999999,24.999999999999996,67.0,43.0,42.0,59.0,40.99999999999999,39.0,63.0,67.99999999999999,28.999999999999996,62.0,48.0,41.0,43.0,32.0,50.0,46.0,53.99999999999999,56.0,67.0,49.0,66.99999999999999,53.99999999999999,21.0,20.5,40.0,40.99999999999999,31.999999999999996,59.0,67.0,35.0,44.99999999999999,22.0,58.0,61.0,27.0,59.0,33.5,0.0,70.99999999999999,45.99999999999999,55.0,34.0,39.0,35.0,56.0,29.0,40.0,47.0,26.0,60.0,64.0,31.0,36.0,32.99999999999999,28.499999999999996,44.0,27.0,24.0,22.0,35.0,25.999999999999996,46.0,28.0,69.99999999999999,61.0,26.999999999999996,58.0,56.99999999999999,65.0,41.0,25.999999999999996,37.0,29.0,62.99999999999999,49.0,41.99999999999999,55.0,41.0,23.0,30.0,48.99999999999999,53.99999999999999,31.0,36.0,50.99999999999999,24.0,36.0,30.0,30.0,30.5,27.999999999999996,41.0
B_Mithila6.jpg_persistence.pkl,93.99999999999999,80.0,79.0,94.0,71.0,97.49999999999999,91.0,78.0,97.49999999999999,94.0,91.0,94.0,89.0,95.0,77.0,97.49999999999999,75.99999999999999,97.49999999999999,94.0,90.0,69.99999999999999,79.0,90.0,88.0,94.99999999999999,97.49999999999999,95.5,91.99999999999999,97.49999999999999,88.0,72.99999999999999,72.0,52.0,69.99999999999999,91.0,97.49999999999999,76.0,59.0,56.0,79.99999999999999,41.0,35.5,70.0,45.0,56.0,70.99999999999999,0.0,47.0,57.0,94.0,77.0,85.0,96.0,74.99999999999999,94.0,95.0,75.0,96.0,97.0,75.0,84.0,64.99999999999999,62.0,54.99999999999999,74.0,69.99999999999999,74.0,65.0,74.0,85.0,88.0,96.99999999999999,95.0,79.0,81.99999999999999,93.0,63.99999999999999,84.0,80.99999999999999,77.99999999999999,86.0,97.49999999999999,87.0,92.99999999999999,66.99999999999999,62.0,75.0,87.0,94.0,79.0,79.0,48.0,61.0,64.0,86.5,67.0,74.0,76.0,62.0,78.0
B_Mithila7.jpeg_persistence.pkl,71.0,58.0,62.0,62.0,48.0,84.0,82.0,44.0,91.99999999999999,70.0,68.0,68.0,73.0,75.0,55.99999999999999,91.99999999999999,53.0,87.0,77.99999999999999,64.49999999999999,50.0,58.0,82.0,66.99999999999999,76.0,91.0,87.0,81.0,91.0,69.99999999999999,50.99999999999999,56.0,31.0,46.0,60.0,86.0,52.99999999999999,25.0,32.99999999999999,52.0,27.0,35.0,33.0,26.0,32.0,45.99999999999999,47.0,0.0,44.0,68.0,53.0,63.99999999999999,85.0,52.0,72.0,83.0,53.0,85.0,89.0,52.0,62.0,39.0,38.0,32.0,46.0,44.99999999999999,51.99999999999999,51.0,44.0,61.99999999999999,58.99999999999999,91.99999999999999,83.0,49.0,63.0,65.99999999999999,53.0,61.99999999999999,56.0,55.0,55.0,91.99999999999999,81.0,61.0,45.99999999999999,43.0,51.0,60.0,73.0,59.0,46.99999999999999,29.999999999999996,39.0,37.0,63.99999999999999,42.0,49.0,40.0,48.0,63.99999999999999
B_Mithila8.jpeg_persistence.pkl,72.49999999999999,49.0,58.0,70.99999999999999,49.0,72.49999999999999,68.0,59.0,72.49999999999999,70.0,69.0,70.0,61.0,72.49999999999999,47.0,72.49999999999999,48.99999999999999,72.49999999999999,70.0,64.5,43.0,55.0,66.5,57.0,72.49999999999999,72.49999999999999,72.49999999999999,70.0,72.49999999999999,69.0,51.0,48.0,40.99999999999999,46.0,66.5,72.49999999999999,67.99999999999999,44.0,49.0,63.0,45.99999999999999,43.0,54.99999999999999,32.0,45.0,55.0,57.0,44.0,0.0,72.49999999999999,51.0,61.99999999999999,68.0,56.0,69.0,72.49999999999999,53.99999999999999,72.49999999999999,72.49999999999999,41.0,62.0,47.0,44.0,35.99999999999999,53.99999999999999,56.0,59.0,45.0,57.0,62.0,65.0,64.99999999999999,70.0,61.0,65.0,71.0,40.0,65.99999999999999,60.99999999999999,54.99999999999999,63.99999999999999,72.49999999999999,61.0,70.0,39.99999999999999,42.0,59.0,66.49999999999999,72.49999999999999,34.0,58.0,31.0,39.99999999999999,40.0,60.0,41.99999999999999,46.0,53.0,38.99999999999999,61.0
B_Mithila9.jpg_persistence.pkl,34.0,48.0,37.0,38.0,42.99999999999999,45.99999999999999,51.0,36.0,50.0,36.0,49.99999999999999,48.99999999999999,41.0,44.99999999999999,92.99999999999999,53.0,40.0,53.0,41.0,42.99999999999999,49.0,37.0,42.0,65.99999999999999,51.0,46.99999999999999,55.0,48.0,54.0,49.0,38.5,35.5,68.0,70.0,31.0,46.99999999999999,93.0,56.0,68.99999999999999,38.0,76.0,90.99999999999999,41.99999999999999,83.99999999999999,54.0,34.0,94.0,68.0,72.49999999999999,0.0,41.0,32.0,50.0,32.0,42.0,46.99999999999999,37.0,49.0,50.0,51.0,32.99999999999999,49.5,43.0,70.0,39.99999999999999,44.0,38.0,44.99999999999999,37.5,34.0,33.0,56.0,41.0,36.99999999999999,83.99999999999999,50.0,77.0,47.99999999999999,36.0,62.99999999999999,33.0,49.0,43.0,37.0,87.99999999999999,49.0,39.0,35.0,37.99999999999999,79.49999999999999,32.0,62.0,69.0,44.5,48.0,39.5,54.0,36.99999999999999,57.0,41.0
B_Raja1.jpg_persistence.pkl,35.0,39.0,29.0,31.0,39.0,54.99999999999999,42.0,46.0,54.99999999999999,35.99999999999999,33.0,37.0,45.0,46.0,55.0,54.99999999999999,31.0,54.99999999999999,50.0,31.0,33.0,28.0,49.0,39.99999999999999,46.0,53.0,48.0,44.0,54.99999999999999,39.99999999999999,31.0,33.0,49.0,41.0,37.0,54.99999999999999,65.99999999999999,47.0,55.0,38.99999999999999,66.0,64.0,52.0,52.0,36.0,39.0,77.0,53.0,51.0,41.0,0.0,29.0,51.0,32.0,43.99999999999999,50.0,42.0,51.0,52.99999999999999,31.0,33.99999999999999,55.99999999999999,34.0,42.0,34.0,32.0,31.0,28.5,32.0,31.999999999999996,32.99999999999999,53.0,49.99999999999999,49.0,55.99999999999999,35.0,71.0,32.0,33.0,54.0,31.999999999999996,54.99999999999999,38.0,31.999999999999996,59.99999999999999,39.99999999999999,54.0,25.0,36.0,48.0,35.0,44.0,56.0,35.0,43.0,35.0,29.0,34.0,27.0,35.0
B_Raja10.jpg_persistence.pkl,23.0,45.0,25.0,28.0,42.0,37.99999999999999,39.0,38.99999999999999,40.0,37.0,34.0,30.999999999999996,30.0,30.0,72.0,39.0,40.0,37.99999999999999,32.99999999999999,35.0,44.0,26.999999999999996,32.0,47.0,34.0,36.0,38.0,32.0,41.0,27.999999999999996,30.999999999999996,28.999999999999996,54.99999999999999,55.0,31.0,38.0,92.0,50.0,71.99999999999999,46.0,72.99999999999999,69.99999999999999,50.0,67.99999999999999,44.0,35.0,85.0,63.99999999999999,61.99999999999999,32.0,29.0,0.0,34.0,27.0,27.999999999999996,33.0,44.99999999999999,33.99999999999999,36.0,45.99999999999999,27.0,54.0,44.0,60.0,33.0,31.0,26.0,31.0,31.0,19.999999999999996,26.0,44.99999999999999,33.0,46.99999999999999,81.0,35.0,73.0,38.0,29.0,71.0,30.0,38.0,20.0,21.0,76.0,46.0,48.99999999999999,24.999999999999996,19.5,65.0,37.0,48.0,63.0,34.99999999999999,40.99999999999999,39.99999999999999,47.0,36.99999999999999,42.0,23.999999999999996
B_Raja2.jpg_persistence.pkl,28.0,44.99999999999999,38.99999999999999,29.999999999999996,48.0,20.0,36.0,59.0,37.0,29.0,29.0,37.0,30.0,27.999999999999996,94.99999999999999,36.0,56.0,24.0,21.999999999999996,51.0,59.99999999999999,37.0,25.0,62.0,29.999999999999996,18.0,22.0,23.999999999999996,36.0,16.0,48.99999999999999,47.99999999999999,69.0,65.99999999999999,50.0,24.0,106.0,74.0,88.0,63.0,85.99999999999999,91.0,70.0,76.0,55.0,56.0,96.0,85.0,68.0,50.0,51.0,34.0,0.0,49.0,27.0,21.0,62.0,24.999999999999996,28.0,61.0,38.0,75.0,55.99999999999999,78.0,48.99999999999999,42.99999999999999,47.0,43.0,47.0,24.999999999999996,41.99999999999999,29.999999999999996,28.999999999999996,64.0,98.0,26.0,76.99999999999999,52.0,42.0,86.0,37.0,25.999999999999996,25.999999999999996,29.999999999999996,82.0,53.99999999999999,64.0,36.0,26.0,73.0,50.0,63.0,80.0,51.0,47.0,53.0,67.0,52.0,53.0,32.0
B_Raja3.jpg_persistence.pkl,34.0,47.0,30.5,38.0,41.0,44.0,53.0,38.0,59.0,37.0,34.0,45.0,27.999999999999996,31.999999999999996,72.0,57.0,31.0,49.99999999999999,36.0,30.5,32.0,23.999999999999996,44.0,40.0,46.99999999999999,43.0,58.0,46.0,59.5,41.99999999999999,20.999999999999996,24.999999999999996,42.0,51.99999999999999,32.99999999999999,48.0,79.0,41.0,61.0,30.5,60.0,68.0,36.99999999999999,61.0,33.0,29.0,74.99999999999999,52.0,56.0,32.0,32.0,27.0,49.0,0.0,33.99999999999999,44.0,26.999999999999996,52.0,56.0,31.0,32.0,34.0,28.999999999999996,50.0,23.0,22.0,27.999999999999996,31.999999999999996,30.5,34.0,30.5,59.5,49.0,32.0,70.0,48.0,65.0,30.5,30.5,49.0,20.0,50.99999999999999,44.0,33.99999999999999,72.0,34.99999999999999,25.0,30.5,34.99999999999999,58.0,30.999999999999996,40.0,51.0,24.999999999999996,29.999999999999996,29.0,39.0,28.0,39.0,34.0
B_Raja4.jpg_persistence.pkl,21.0,44.0,28.0,22.0,44.0,23.0,27.0,49.0,33.0,33.0,28.0,28.0,31.499999999999996,18.0,88.99999999999999,30.999999999999996,44.0,24.0,20.0,40.0,46.99999999999999,33.0,18.0,62.0,19.0,24.0,34.0,20.0,33.0,19.999999999999996,39.99999999999999,36.0,64.0,66.0,39.99999999999999,25.0,99.0,61.0,75.0,50.99999999999999,79.0,85.0,52.0,78.99999999999999,49.0,40.0,94.0,72.0,69.0,42.0,43.99999999999999,27.999999999999996,27.0,33.99999999999999,0.0,26.0,50.0,28.0,34.0,56.0,19.999999999999996,56.0,49.0,72.0,39.0,39.0,42.0,38.99999999999999,40.0,19.0,34.0,37.0,23.999999999999996,48.99999999999999,90.0,22.0,75.0,41.0,40.0,75.0,29.999999999999996,26.0,22.999999999999996,17.999999999999996,84.99999999999999,48.99999999999999,52.0,31.0,17.999999999999996,75.0,39.99999999999999,57.0,73.0,41.0,43.99999999999999,42.0,60.0,41.99999999999999,52.99999999999999,21.0
B_Raja5.jpeg_persistence.pkl,26.0,46.99999999999999,33.0,28.0,48.0,21.0,34.99999999999999,54.99999999999999,38.0,35.0,27.999999999999996,35.0,31.5,20.0,96.0,37.0,55.0,22.999999999999996,20.999999999999996,43.99999999999999,58.0,33.0,23.999999999999996,65.0,25.0,21.0,22.0,25.0,36.99999999999999,18.0,46.0,42.99999999999999,67.99999999999999,69.0,48.0,23.0,105.0,72.0,86.0,55.0,84.99999999999999,91.99999999999999,65.0,82.0,56.0,47.0,95.0,83.0,72.49999999999999,46.99999999999999,50.0,33.0,21.0,44.0,26.0,0.0,56.0,23.999999999999996,27.0,60.0,26.0,69.0,55.0,76.0,46.99999999999999,42.99999999999999,46.0,43.99999999999999,43.99999999999999,23.0,42.0,30.999999999999996,18.999999999999996,61.0,100.99999999999999,25.0,77.0,48.99999999999999,42.0,80.0,36.99999999999999,20.0,24.999999999999996,27.999999999999996,87.99999999999999,51.0,65.0,35.0,18.999999999999996,78.0,46.0,64.0,79.0,52.0,48.0,49.0,66.0,46.0,56.0,28.0
B_Raja6.jpg_persistence.pkl,49.0,44.0,33.0,38.0,39.0,67.0,67.0,34.0,76.99999999999999,47.0,38.99999999999999,50.0,44.0,45.0,56.0,76.0,27.999999999999996,65.0,52.0,30.0,34.0,28.999999999999996,61.0,46.0,49.99999999999999,66.0,76.99999999999999,51.99999999999999,76.99999999999999,65.0,27.0,26.999999999999996,46.0,47.0,37.0,60.0,63.0,41.0,58.0,19.999999999999996,69.0,60.0,39.99999999999999,52.0,35.0,26.0,75.0,53.0,53.99999999999999,37.0,42.0,44.99999999999999,62.0,26.999999999999996,50.0,56.0,0.0,70.0,74.99999999999999,30.999999999999996,33.0,35.0,33.0,43.0,26.0,29.0,25.999999999999996,30.0,30.999999999999996,56.0,30.0,76.99999999999999,71.0,34.0,49.0,50.0,63.99999999999999,27.0,27.0,36.0,25.999999999999996,74.0,56.0,38.0,67.0,41.0,20.0,36.99999999999999,54.99999999999999,49.0,28.0,42.0,60.0,27.999999999999996,28.0,32.0,29.999999999999996,28.0,34.0,42.0
B_Raja7.jpg_persistence.pkl,28.999999999999996,47.99999999999999,42.0,38.0,52.99999999999999,16.0,26.0,61.99999999999999,27.999999999999996,33.0,38.99999999999999,42.0,34.0,30.0,93.0,20.0,57.0,15.0,19.999999999999996,56.0,60.0,41.0,24.0,67.99999999999999,31.0,21.0,14.0,18.999999999999996,29.0,21.999999999999996,51.0,51.0,69.5,70.0,50.0,13.999999999999998,107.0,73.99999999999999,88.0,69.0,83.0,91.0,72.0,83.99999999999999,56.0,60.0,96.0,85.0,72.49999999999999,49.0,51.0,33.99999999999999,24.999999999999996,52.0,28.0,23.999999999999996,70.0,0.0,25.0,62.0,39.0,79.99999999999999,56.99999999999999,76.0,52.0,55.0,51.0,45.99999999999999,50.99999999999999,26.0,50.0,24.499999999999996,20.0,66.99999999999999,99.0,31.999999999999996,77.0,59.0,55.99999999999999,92.0,51.99999999999999,14.0,24.0,41.0,87.99999999999999,54.0,77.0,41.0,21.0,79.49999999999999,52.0,62.0,76.99999999999999,52.0,65.0,61.0,66.0,53.0,56.99999999999999,31.0
B_Raja8.jpg_persistence.pkl,33.0,47.99999999999999,46.99999999999999,41.99999999999999,55.99999999999999,19.0,16.0,66.99999999999999,17.999999999999996,31.0,42.0,44.99999999999999,37.0,31.999999999999996,96.0,15.0,58.99999999999999,20.0,25.0,59.0,64.0,46.0,24.0,69.49999999999999,36.0,23.999999999999996,17.0,23.0,14.0,25.0,54.99999999999999,56.0,75.0,70.0,53.0,17.0,111.0,76.0,92.99999999999999,74.0,87.0,93.99999999999999,76.99999999999999,83.99999999999999,59.0,64.0,97.0,89.0,72.49999999999999,50.0,52.99999999999999,36.0,28.0,56.0,34.0,27.0,74.99999999999999,25.0,0.0,66.0,42.99999999999999,82.0,60.0,76.99999999999999,56.0,58.0,55.0,51.0,54.0,29.0,55.0,18.5,28.0,72.99999999999999,105.0,34.99999999999999,78.0,62.0,58.0,94.99999999999999,58.99999999999999,25.0,30.999999999999996,43.0,87.99999999999999,59.0,80.0,48.0,29.0,79.49999999999999,57.0,65.0,81.0,56.0,70.0,63.99999999999999,67.99999999999999,55.99999999999999,56.99999999999999,35.0
B_Raja9.jpg_persistence.pkl,49.0,40.0,41.0,48.0,39.0,63.0,61.0,42.0,69.49999999999999,48.99999999999999,48.0,47.99999999999999,50.99999999999999,59.0,47.99999999999999,69.49999999999999,23.0,65.99999999999999,59.0,44.0,32.99999999999999,34.0,60.0,40.0,59.0,69.49999999999999,66.0,56.99999999999999,69.49999999999999,47.0,27.0,31.999999999999996,42.99999999999999,31.0,48.0,63.0,53.99999999999999,45.0,56.0,40.0,66.0,61.0,42.99999999999999,48.0,34.0,31.0,75.0,52.0,41.0,51.0,31.0,45.99999999999999,61.0,31.0,56.0,60.0,30.999999999999996,62.0,66.0,0.0,41.0,47.0,31.0,35.0,36.0,30.0,28.0,28.0,34.0,40.99999999999999,45.99999999999999,69.49999999999999,62.0,41.0,52.0,45.0,63.0,46.0,37.0,32.0,36.99999999999999,69.49999999999999,58.99999999999999,48.0,45.99999999999999,34.99999999999999,32.0,48.0,49.0,43.0,37.0,39.0,53.99999999999999,29.0,44.0,32.0,30.0,34.99999999999999,26.0,40.0
B_Ren1.jpg_persistence.pkl,16.0,34.0,18.999999999999996,17.0,29.999999999999996,36.0,36.0,38.99999999999999,45.5,23.0,26.5,35.0,24.5,21.0,78.99999999999999,45.0,34.0,44.0,21.999999999999996,22.999999999999996,39.0,27.0,30.0,48.0,34.0,37.0,45.49999999999999,28.999999999999996,45.5,32.0,30.0,30.0,53.0,57.0,33.0,34.99999999999999,89.0,51.0,65.0,33.99999999999999,68.99999999999999,75.0,46.0,68.99999999999999,43.0,36.0,84.0,62.0,62.0,32.99999999999999,33.99999999999999,27.0,38.0,32.0,19.999999999999996,26.0,33.0,39.0,42.99999999999999,41.0,0.0,43.0,39.0,60.0,29.0,25.0,28.0,26.999999999999996,26.0,24.0,28.0,46.49999999999999,39.0,41.99999999999999,80.0,30.0,68.99999999999999,33.0,33.99999999999999,59.0,29.999999999999996,42.0,32.0,19.0,79.0,47.0,40.0,19.999999999999996,23.0,65.99999999999999,30.0,51.0,63.0,33.99999999999999,36.99999999999999,36.5,50.0,31.999999999999996,44.0,23.0
B_Ren10.jpg_persistence.pkl,53.99999999999999,57.0,39.0,52.0,46.0,72.0,76.0,37.99999999999999,85.99999999999999,54.0,52.99999999999999,72.0,49.0,57.0,50.99999999999999,82.0,31.999999999999996,80.0,64.99999999999999,43.0,44.0,49.0,69.0,59.0,70.0,73.0,85.99999999999999,65.0,85.99999999999999,69.99999999999999,36.0,32.0,31.999999999999996,28.999999999999996,49.5,71.99999999999999,50.99999999999999,29.999999999999996,39.99999999999999,41.99999999999999,58.0,57.0,34.0,38.0,39.0,32.99999999999999,64.99999999999999,39.0,47.0,49.5,55.99999999999999,54.0,75.0,34.0,56.0,69.0,35.0,79.99999999999999,82.0,47.0,43.0,0.0,31.999999999999996,38.0,34.0,39.99999999999999,38.99999999999999,41.0,36.99999999999999,62.0,44.0,85.99999999999999,77.0,43.0,45.99999999999999,64.0,65.0,45.0,39.99999999999999,46.0,38.0,78.99999999999999,69.0,55.0,46.0,32.0,32.0,47.0,62.99999999999999,57.0,38.99999999999999,30.999999999999996,47.99999999999999,35.0,50.0,33.99999999999999,37.0,34.0,37.0,59.0
B_Ren2.jpg_persistence.pkl,42.0,38.0,37.0,40.0,28.999999999999996,61.0,50.99999999999999,34.99999999999999,61.49999999999999,43.99999999999999,44.0,50.0,50.0,50.99999999999999,50.0,61.49999999999999,31.0,61.49999999999999,55.0,42.99999999999999,28.999999999999996,32.99999999999999,57.0,50.0,52.0,61.0,59.5,52.0,60.99999999999999,48.0,25.999999999999996,29.999999999999996,27.0,36.99999999999999,40.0,61.49999999999999,51.0,30.0,43.0,31.999999999999996,48.0,48.0,32.99999999999999,46.0,17.0,28.499999999999996,62.0,38.0,44.0,43.0,34.0,44.0,55.99999999999999,28.999999999999996,49.0,55.0,33.0,56.99999999999999,60.0,31.0,39.0,31.999999999999996,0.0,27.999999999999996,26.0,25.0,27.0,24.0,35.0,43.0,35.0,61.0,55.0,32.0,47.99999999999999,45.99999999999999,53.99999999999999,42.0,38.0,46.0,32.99999999999999,61.49999999999999,50.0,39.99999999999999,57.0,30.0,30.999999999999996,34.99999999999999,43.99999999999999,43.0,35.0,25.0,39.0,26.5,44.0,24.999999999999996,26.999999999999996,26.0,25.0,41.0
B_Ren3.jpg_persistence.pkl,67.0,48.0,47.0,59.0,41.0,78.99999999999999,68.0,39.0,78.99999999999999,65.99999999999999,64.99999999999999,58.99999999999999,69.99999999999999,76.0,41.0,78.99999999999999,31.999999999999996,78.99999999999999,77.0,56.0,37.0,52.99999999999999,69.0,59.99999999999999,77.0,78.99999999999999,76.0,70.99999999999999,78.99999999999999,62.0,48.0,49.0,22.5,27.999999999999996,62.0,78.99999999999999,42.5,23.0,34.0,48.99999999999999,46.0,46.0,30.0,26.999999999999996,32.0,44.0,54.99999999999999,32.0,35.99999999999999,70.0,42.0,60.0,78.0,50.0,72.0,76.0,43.0,76.0,76.99999999999999,35.0,60.0,38.0,27.999999999999996,0.0,34.0,38.0,49.0,40.0,39.99999999999999,57.0,61.0,75.0,75.0,36.0,45.0,60.0,51.0,45.0,55.0,39.99999999999999,54.0,78.99999999999999,64.99999999999999,62.99999999999999,40.0,42.0,43.0,45.0,70.0,47.0,40.99999999999999,27.0,34.0,35.0,57.0,37.99999999999999,23.0,34.0,41.0,58.0
B_Ren4.jpg_persistence.pkl,33.0,40.0,21.999999999999996,33.0,41.0,48.0,51.0,34.0,57.99999999999999,36.99999999999999,39.0,50.99999999999999,39.99999999999999,42.0,54.0,58.0,26.0,54.99999999999999,45.99999999999999,37.0,22.0,25.999999999999996,41.99999999999999,44.0,47.0,50.99999999999999,58.0,48.0,58.0,42.99999999999999,22.0,24.0,38.0,41.0,34.0,51.0,67.0,36.0,49.99999999999999,24.0,51.0,57.99999999999999,31.0,50.0,30.0,27.0,74.0,46.0,53.99999999999999,39.99999999999999,34.0,33.0,48.99999999999999,23.0,39.0,46.99999999999999,26.0,52.0,56.0,36.0,29.0,34.0,26.0,34.0,0.0,19.0,18.999999999999996,30.0,22.999999999999996,34.0,28.999999999999996,58.99999999999999,48.99999999999999,28.0,63.0,48.0,61.99999999999999,38.0,23.0,45.0,27.0,53.0,42.99999999999999,36.99999999999999,64.99999999999999,40.99999999999999,27.0,18.0,39.0,47.0,29.0,34.0,43.0,27.0,35.0,30.999999999999996,27.999999999999996,29.0,28.0,39.0
B_Ren5.jpg_persistence.pkl,34.0,36.0,23.499999999999996,31.0,31.0,49.0,50.99999999999999,29.999999999999996,61.0,37.0,40.0,40.0,37.0,40.0,54.99999999999999,56.0,25.0,50.0,42.0,36.0,27.0,28.0,45.99999999999999,44.0,47.0,47.0,61.0,40.0,61.99999999999999,45.0,19.999999999999996,23.0,36.0,35.0,33.0,49.0,68.0,32.0,50.0,26.999999999999996,60.99999999999999,54.0,36.0,44.0,25.0,24.0,69.99999999999999,44.99999999999999,56.0,44.0,32.0,31.0,42.99999999999999,22.0,39.0,42.99999999999999,29.0,55.0,58.0,30.0,25.0,39.99999999999999,25.0,38.0,19.0,0.0,17.999999999999996,22.999999999999996,23.499999999999996,36.99999999999999,32.99999999999999,61.99999999999999,52.0,34.0,59.0,39.0,64.99999999999999,35.99999999999999,29.0,46.0,28.0,53.99999999999999,46.0,30.999999999999996,58.99999999999999,34.99999999999999,24.0,23.5,41.0,45.0,23.499999999999996,36.0,50.0,22.0,31.0,31.0,28.999999999999996,23.0,26.999999999999996,31.999999999999996
B_Ren6.jpg_persistence.pkl,35.0,38.0,21.0,28.0,36.0,48.5,45.0,27.0,57.0,34.0,36.0,40.0,35.0,46.0,55.0,50.0,27.0,48.5,44.99999999999999,34.0,28.0,22.0,42.0,36.0,46.0,48.49999999999999,56.0,42.0,56.99999999999999,39.0,18.0,20.999999999999996,39.0,42.0,27.0,48.5,72.0,41.0,54.99999999999999,27.0,62.0,57.0,34.99999999999999,51.0,30.0,22.0,74.0,51.99999999999999,59.0,38.0,31.0,26.0,47.0,27.999999999999996,42.0,46.0,25.999999999999996,51.0,55.0,28.0,28.0,38.99999999999999,27.0,49.0,18.999999999999996,17.999999999999996,0.0,27.0,19.0,31.0,28.999999999999996,58.49999999999999,47.0,33.0,69.0,39.0,64.0,34.99999999999999,23.0,52.0,21.999999999999996,48.5,44.0,31.0,66.0,41.0,28.0,27.0,36.0,47.99999999999999,23.0,40.0,53.0,27.0,34.0,30.999999999999996,36.0,23.0,29.0,31.0
B_Ren7.jpg_persistence.pkl,33.99999999999999,27.999999999999996,27.0,32.99999999999999,15.999999999999998,48.49999999999999,43.0,40.0,52.49999999999999,39.99999999999999,40.0,38.0,34.0,41.0,52.0,52.0,27.0,48.5,44.0,38.5,26.0,31.0,38.0,42.0,48.5,48.49999999999999,52.49999999999999,38.0,52.49999999999999,39.0,28.999999999999996,36.0,38.0,35.0,41.0,48.5,74.0,37.99999999999999,55.0,37.0,54.99999999999999,50.0,37.0,44.0,25.0,35.0,65.0,51.0,45.0,44.99999999999999,28.5,31.0,43.0,31.999999999999996,38.99999999999999,43.99999999999999,30.0,45.99999999999999,51.0,28.0,26.999999999999996,41.0,24.0,40.0,30.0,22.999999999999996,27.0,0.0,26.999999999999996,30.999999999999996,33.0,52.49999999999999,47.0,35.99999999999999,64.99999999999999,37.0,56.0,36.0,34.0,48.99999999999999,29.0,51.0,35.99999999999999,29.0,55.99999999999999,37.0,38.0,28.0,43.0,42.0,24.0,31.999999999999996,47.0,30.0,36.0,33.0,35.0,31.0,25.0,25.0
B_Ren8.jpg_persistence.pkl,31.999999999999996,40.99999999999999,28.0,34.99999999999999,34.0,47.99999999999999,51.0,22.999999999999996,54.0,35.0,44.99999999999999,46.99999999999999,37.0,43.0,58.0,55.0,33.0,50.99999999999999,42.0,40.99999999999999,30.0,26.999999999999996,43.0,44.0,47.0,51.0,54.0,45.99999999999999,53.99999999999999,44.0,23.999999999999996,22.999999999999996,36.0,39.0,34.0,49.99999999999999,70.0,33.0,47.0,28.0,52.0,56.0,28.999999999999996,48.0,34.5,25.999999999999996,74.0,44.0,57.0,37.5,32.0,31.0,47.0,30.5,40.0,43.99999999999999,30.999999999999996,50.99999999999999,54.0,34.0,26.0,36.99999999999999,35.0,39.99999999999999,22.999999999999996,23.499999999999996,19.0,26.999999999999996,0.0,29.999999999999996,26.0,58.0,46.99999999999999,26.0,60.99999999999999,47.0,69.0,43.0,25.0,43.0,30.0,53.99999999999999,40.0,33.0,62.99999999999999,45.99999999999999,34.0,24.0,36.99999999999999,51.0,18.0,39.0,44.5,34.5,40.99999999999999,36.5,29.0,21.0,29.0,34.99999999999999
B_Ren9.jpeg_persistence.pkl,22.0,40.0,24.0,23.999999999999996,41.0,26.0,31.999999999999996,43.0,30.999999999999996,37.0,31.0,21.0,24.999999999999996,21.999999999999996,78.99999999999999,35.99999999999999,37.99999999999999,26.0,20.999999999999996,36.0,38.0,28.0,22.0,53.99999999999999,26.0,28.999999999999996,31.999999999999996,23.0,32.0,21.0,32.99999999999999,33.0,52.0,51.0,34.99999999999999,26.0,91.0,49.0,69.99999999999999,53.0,73.0,77.0,54.99999999999999,62.0,41.0,46.0,85.0,61.99999999999999,62.0,34.0,31.999999999999996,19.999999999999996,24.999999999999996,34.0,19.0,23.0,56.0,26.0,29.0,40.99999999999999,24.0,62.0,43.0,57.0,34.0,36.99999999999999,31.0,30.999999999999996,29.999999999999996,0.0,31.0,37.5,23.0,49.0,79.0,26.999999999999996,68.0,37.99999999999999,34.0,71.0,34.99999999999999,31.0,18.999999999999996,24.999999999999996,74.99999999999999,44.0,58.99999999999999,23.999999999999996,23.999999999999996,59.99999999999999,36.0,48.0,63.0,30.999999999999996,46.0,38.0,47.99999999999999,33.99999999999999,38.0,15.0
B_Robert1.jpg_persistence.pkl,35.0,43.99999999999999,26.0,38.0,31.0,42.0,54.0,35.99999999999999,54.0,36.0,28.0,44.0,31.0,31.0,81.0,58.99999999999999,34.5,47.99999999999999,38.99999999999999,32.0,36.0,27.999999999999996,41.0,55.0,45.0,42.99999999999999,55.0,47.0,54.0,39.0,28.0,29.0,52.99999999999999,60.0,40.0,53.99999999999999,84.0,46.0,60.0,30.999999999999996,66.0,79.0,33.0,71.99999999999999,42.0,28.0,88.0,58.99999999999999,65.0,33.0,32.99999999999999,26.0,41.99999999999999,30.5,34.0,42.0,30.0,50.0,55.0,45.99999999999999,28.0,44.0,35.0,61.0,28.999999999999996,32.99999999999999,28.999999999999996,33.0,26.0,31.0,0.0,61.99999999999999,42.99999999999999,28.0,75.0,49.0,71.0,29.0,21.0,55.99999999999999,29.999999999999996,50.0,39.99999999999999,32.0,81.0,49.0,32.0,27.0,39.99999999999999,69.0,28.999999999999996,49.99999999999999,59.99999999999999,35.0,33.0,39.49999999999999,44.99999999999999,28.0,47.0,38.0
B_Robert10.jpg_persistence.pkl,36.99999999999999,45.5,54.0,44.99999999999999,57.99999999999999,26.0,18.5,72.99999999999999,21.999999999999996,33.99999999999999,46.49999999999999,47.49999999999999,43.0,35.99999999999999,94.0,18.499999999999996,61.99999999999999,27.0,28.0,60.49999999999999,66.99999999999999,48.49999999999999,24.5,66.0,38.99999999999999,28.0,24.0,25.999999999999996,18.5,31.5,58.49999999999999,59.49999999999999,77.49999999999999,72.0,56.49999999999999,22.999999999999996,111.99999999999999,79.99999999999999,95.99999999999999,75.99999999999999,84.99999999999999,91.99999999999999,79.49999999999999,77.0,61.99999999999999,69.99999999999999,96.99999999999999,91.99999999999999,64.99999999999999,56.0,53.0,44.99999999999999,29.999999999999996,59.5,37.0,30.999999999999996,76.99999999999999,24.499999999999996,18.5,69.49999999999999,46.49999999999999,85.99999999999999,61.0,75.0,58.99999999999999,61.99999999999999,58.49999999999999,52.49999999999999,58.0,37.5,61.99999999999999,0.0,36.99999999999999,75.49999999999999,105.99999999999999,34.99999999999999,81.49999999999999,62.49999999999999,64.99999999999999,95.99999999999999,61.99999999999999,29.999999999999996,35.0,46.99999999999999,77.0,63.99999999999999,83.99999999999999,50.99999999999999,35.0,71.0,59.49999999999999,65.99999999999999,79.0,57.99999999999999,76.49999999999999,63.99999999999999,68.0,57.99999999999999,53.5,38.49999999999999
B_Robert2.jpg_persistence.pkl,25.0,45.0,39.0,39.0,53.0,22.0,31.0,57.0,32.99999999999999,29.0,34.0,41.99999999999999,31.5,27.0,93.99999999999999,31.999999999999996,57.0,26.999999999999996,20.999999999999996,53.99999999999999,58.0,42.99999999999999,19.0,66.0,30.0,15.999999999999998,26.0,25.999999999999996,35.0,17.0,48.0,46.0,70.99999999999999,63.0,46.99999999999999,19.0,105.0,70.0,87.99999999999999,70.0,85.0,92.0,68.0,74.0,55.99999999999999,61.0,95.0,83.0,70.0,41.0,49.99999999999999,33.0,28.999999999999996,49.0,23.999999999999996,18.999999999999996,71.0,20.0,28.0,62.0,39.0,77.0,55.0,75.0,48.99999999999999,52.0,47.0,47.0,46.99999999999999,23.0,42.99999999999999,36.99999999999999,0.0,64.0,95.99999999999999,30.0,76.99999999999999,55.0,45.99999999999999,88.99999999999999,47.0,19.0,22.0,40.0,85.0,55.0,74.0,38.0,24.5,71.0,51.0,63.0,78.99999999999999,47.0,58.0,57.0,65.99999999999999,53.0,47.99999999999999,33.0
B_Robert3.jpg_persistence.pkl,47.0,56.0,37.0,48.0,42.0,59.99999999999999,64.0,35.0,75.0,48.0,46.0,61.99999999999999,46.0,47.0,58.99999999999999,69.99999999999999,31.0,70.0,50.99999999999999,44.0,47.0,37.0,60.0,51.0,62.0,66.0,73.0,65.0,75.0,56.99999999999999,28.0,30.0,43.0,46.0,40.0,64.99999999999999,59.99999999999999,40.99999999999999,44.0,32.99999999999999,61.99999999999999,59.99999999999999,35.0,54.99999999999999,39.0,26.999999999999996,79.0,49.0,61.0,36.99999999999999,49.0,46.99999999999999,64.0,32.0,48.99999999999999,61.0,34.0,66.99999999999999,72.99999999999999,41.0,41.99999999999999,43.0,32.0,36.0,28.0,34.0,33.0,35.99999999999999,26.0,49.0,28.0,75.49999999999999,64.0,0.0,50.0,66.99999999999999,69.0,42.0,29.0,45.0,37.0,70.0,60.99999999999999,48.0,70.0,44.0,28.0,38.0,51.0,59.0,31.0,45.0,51.0,31.0,43.99999999999999,35.0,35.0,31.0,41.0,51.0
B_Robert4.jpg_persistence.pkl,83.0,74.99999999999999,80.0,80.0,56.0,102.0,93.0,56.0,105.99999999999999,87.0,79.0,89.99999999999999,91.0,92.0,40.99999999999999,105.99999999999999,45.99999999999999,104.0,96.0,79.0,47.0,76.0,98.0,92.0,92.0,105.0,100.0,97.99999999999999,102.0,89.99999999999999,59.0,69.0,55.99999999999999,51.0,73.99999999999999,104.0,53.0,57.0,58.0,59.0,66.0,67.0,53.0,51.0,45.99999999999999,58.0,81.99999999999999,63.0,65.0,83.99999999999999,55.99999999999999,81.0,98.0,70.0,90.0,100.99999999999999,49.0,99.0,105.0,52.0,80.0,45.99999999999999,47.99999999999999,45.0,63.0,59.0,69.0,64.99999999999999,60.99999999999999,79.0,75.0,105.99999999999999,95.99999999999999,50.0,0.0,81.0,70.0,55.0,74.0,58.0,73.0,105.99999999999999,93.0,82.0,61.99999999999999,61.0,53.0,70.0,82.0,64.0,60.0,51.99999999999999,53.0,57.99999999999999,77.0,52.0,46.0,56.0,66.0,81.99999999999999
B_Robert5.jpg_persistence.pkl,23.999999999999996,43.0,35.0,22.0,37.0,20.999999999999996,28.0,61.0,34.99999999999999,23.999999999999996,28.999999999999996,22.0,29.0,25.999999999999996,80.99999999999999,34.99999999999999,49.99999999999999,31.0,21.0,33.99999999999999,41.99999999999999,34.99999999999999,24.0,55.99999999999999,19.0,33.0,34.0,19.0,34.99999999999999,23.999999999999996,43.99999999999999,50.0,57.99999999999999,65.0,44.0,23.0,89.99999999999999,63.0,70.99999999999999,47.0,74.0,78.99999999999999,66.0,77.0,49.0,56.99999999999999,93.0,65.99999999999999,71.0,50.0,35.0,35.0,26.0,48.0,22.0,25.0,50.0,31.999999999999996,34.99999999999999,45.0,30.0,64.0,45.99999999999999,60.0,48.0,39.0,39.0,37.0,47.0,26.999999999999996,49.0,34.99999999999999,30.0,66.99999999999999,81.0,0.0,76.0,49.0,43.0,61.99999999999999,45.0,35.0,28.0,22.0,87.0,54.0,61.0,34.0,28.0,72.99999999999999,48.0,54.0,64.0,49.0,44.0,51.0,51.0,48.0,52.0,24.0
B_Robert6.jpg_persistence.pkl,77.0,70.0,64.0,76.99999999999999,54.0,77.0,73.0,68.99999999999999,81.49999999999999,75.5,75.0,77.0,73.0,77.0,58.99999999999999,81.49999999999999,70.0,77.0,77.0,74.0,50.0,67.99999999999999,75.5,73.0,77.0,79.0,76.99999999999999,75.0,79.0,75.49999999999999,69.5,61.0,48.0,62.0,75.99999999999999,77.0,73.0,59.0,51.0,70.0,51.0,58.0,63.0,43.0,59.99999999999999,65.0,63.99999999999999,53.0,40.0,77.0,71.0,73.0,76.99999999999999,65.0,75.0,77.0,63.99999999999999,77.0,78.0,63.0,68.99999999999999,65.0,53.99999999999999,51.0,61.99999999999999,64.99999999999999,64.0,56.0,69.0,68.0,71.0,81.49999999999999,76.99999999999999,69.0,70.0,76.0,0.0,71.0,68.0,57.99999999999999,71.0,81.49999999999999,71.99999999999999,75.99999999999999,55.99999999999999,64.0,69.99999999999999,74.0,77.0,43.0,68.0,46.0,34.0,50.0,69.5,53.99999999999999,59.99999999999999,58.99999999999999,59.0,68.0
B_Robert7.jpg_persistence.pkl,40.0,49.0,29.999999999999996,36.0,44.0,47.99999999999999,55.0,55.99999999999999,62.49999999999999,40.0,39.0,52.99999999999999,37.0,38.0,63.0,62.49999999999999,35.99999999999999,62.49999999999999,42.0,31.0,39.0,30.999999999999996,50.99999999999999,40.0,49.0,58.99999999999999,61.99999999999999,47.99999999999999,62.49999999999999,46.0,32.99999999999999,40.0,47.0,50.0,44.0,50.0,66.99999999999999,57.0,64.99999999999999,34.99999999999999,76.0,70.0,53.0,59.99999999999999,41.0,41.0,84.0,61.99999999999999,65.99999999999999,47.99999999999999,32.0,38.0,52.0,30.5,41.0,48.99999999999999,27.0,59.0,62.0,46.0,33.0,45.0,42.0,45.0,38.0,35.99999999999999,34.99999999999999,36.0,43.0,37.99999999999999,29.0,62.49999999999999,55.0,42.0,55.0,49.0,71.0,0.0,29.0,44.99999999999999,28.999999999999996,62.49999999999999,50.99999999999999,38.99999999999999,74.0,47.0,35.0,32.0,41.0,58.0,41.0,50.0,64.0,40.99999999999999,33.99999999999999,42.99999999999999,40.0,44.0,46.0,33.0
B_Robert8.jpg_persistence.pkl,37.0,48.0,31.0,41.0,40.0,40.0,58.0,34.0,57.0,38.0,31.999999999999996,50.0,30.0,37.0,77.0,62.0,33.0,47.0,44.0,27.0,34.0,26.0,47.0,52.0,42.99999999999999,43.0,56.99999999999999,43.0,60.0,38.0,28.0,26.0,53.99999999999999,54.0,34.99999999999999,57.0,83.0,45.0,60.0,28.0,63.0,75.0,36.0,64.99999999999999,38.0,25.999999999999996,80.99999999999999,56.0,60.99999999999999,36.0,33.0,29.0,42.0,30.5,40.0,42.0,27.0,55.99999999999999,58.0,37.0,33.99999999999999,39.99999999999999,38.0,55.0,23.0,29.0,23.0,34.0,25.0,34.0,21.0,64.99999999999999,45.99999999999999,29.0,74.0,43.0,68.0,29.0,0.0,53.0,27.999999999999996,53.0,43.0,38.0,75.0,45.99999999999999,29.0,25.0,43.0,59.99999999999999,32.0,46.0,57.0,34.5,29.0,33.99999999999999,44.0,30.0,41.0,44.0
B_Robert9.jpg_persistence.pkl,73.0,58.0,58.99999999999999,59.0,43.0,81.0,88.0,46.0,95.99999999999999,73.0,57.99999999999999,51.99999999999999,70.0,71.0,48.0,95.99999999999999,37.99999999999999,91.0,75.0,43.99999999999999,35.99999999999999,55.0,84.0,58.0,70.99999999999999,92.0,94.0,78.0,95.99999999999999,77.0,48.0,53.0,33.0,34.0,46.99999999999999,83.0,60.0,46.99999999999999,55.0,39.99999999999999,67.0,63.99999999999999,42.99999999999999,44.99999999999999,40.0,37.0,77.99999999999999,55.0,54.99999999999999,62.99999999999999,54.0,71.0,86.0,49.0,75.0,80.0,36.0,92.0,94.99999999999999,32.0,59.0,46.0,46.0,39.99999999999999,45.0,46.0,52.0,48.99999999999999,43.0,71.0,55.99999999999999,95.99999999999999,88.99999999999999,45.0,58.0,61.99999999999999,57.99999999999999,44.99999999999999,53.0,0.0,51.99999999999999,95.99999999999999,79.99999999999999,58.0,57.0,40.0,34.99999999999999,57.0,72.0,56.0,46.99999999999999,42.99999999999999,54.99999999999999,48.0,41.0,36.0,42.0,41.0,53.99999999999999,61.0
B_Sid1.jpeg_persistence.pkl,30.0,41.99999999999999,30.0,30.0,40.0,40.99999999999999,46.99999999999999,40.0,56.99999999999999,36.0,29.999999999999996,40.99999999999999,25.0,32.99999999999999,76.99999999999999,56.99999999999999,26.999999999999996,45.0,38.99999999999999,29.0,36.0,24.0,42.0,50.99999999999999,35.0,39.99999999999999,58.0,45.0,56.99999999999999,39.0,29.0,26.0,53.0,59.99999999999999,31.999999999999996,48.0,82.0,44.0,58.0,27.0,67.99999999999999,75.0,38.99999999999999,69.0,37.99999999999999,29.0,86.0,55.0,63.99999999999999,33.0,31.999999999999996,30.0,37.0,20.0,29.999999999999996,36.99999999999999,25.999999999999996,51.99999999999999,58.99999999999999,36.99999999999999,29.999999999999996,38.0,32.99999999999999,54.0,27.0,28.0,21.999999999999996,29.0,30.0,34.99999999999999,29.999999999999996,61.99999999999999,47.0,37.0,73.0,45.0,71.0,28.999999999999996,27.999999999999996,51.99999999999999,0.0,48.0,44.0,29.999999999999996,79.0,39.0,28.0,30.0,42.0,66.0,35.0,46.0,58.0,29.0,21.999999999999996,27.0,43.0,32.0,47.0,34.99999999999999
B_Sid10.jpg_persistence.pkl,32.0,47.99999999999999,42.0,41.0,57.99999999999999,22.0,28.0,60.99999999999999,31.999999999999996,32.0,38.5,47.49999999999999,31.499999999999996,28.999999999999996,98.49999999999999,25.999999999999996,61.99999999999999,23.0,25.0,60.49999999999999,66.99999999999999,45.0,24.0,69.49999999999999,29.0,14.0,18.0,24.0,29.0,24.0,51.49999999999999,51.0,72.99999999999999,69.99999999999999,56.49999999999999,17.999999999999996,111.99999999999999,79.99999999999999,95.99999999999999,75.0,88.49999999999999,95.49999999999999,74.0,83.99999999999999,61.99999999999999,62.99999999999999,97.49999999999999,91.99999999999999,72.49999999999999,49.0,54.99999999999999,38.0,25.999999999999996,50.99999999999999,26.0,20.0,74.0,14.0,25.0,69.49999999999999,42.0,78.99999999999999,61.49999999999999,78.99999999999999,53.0,53.99999999999999,48.5,51.0,53.99999999999999,31.0,50.0,29.999999999999996,19.0,70.0,105.99999999999999,35.0,81.49999999999999,62.49999999999999,53.0,95.99999999999999,48.0,0.0,27.5,42.0,87.99999999999999,60.0,76.0,41.0,27.5,79.49999999999999,55.0,66.99999999999999,82.49999999999999,57.99999999999999,62.0,63.99999999999999,70.49999999999999,57.99999999999999,56.99999999999999,38.5
B_Sid2.jpeg_persistence.pkl,24.0,41.0,32.0,29.0,44.99999999999999,27.5,34.0,54.0,36.0,35.0,31.0,35.0,25.0,27.0,73.0,35.0,51.0,27.5,27.0,44.0,56.0,28.0,22.0,48.0,25.0,27.499999999999996,28.0,27.0,36.0,20.0,44.0,43.0,63.0,54.0,45.0,27.5,98.0,67.99999999999999,86.0,54.99999999999999,79.5,76.0,65.0,68.0,52.0,49.0,87.0,81.0,61.0,43.0,38.0,20.0,25.999999999999996,44.0,22.999999999999996,24.999999999999996,56.0,24.0,30.999999999999996,58.99999999999999,32.0,69.0,50.0,64.99999999999999,42.99999999999999,46.0,44.0,35.99999999999999,40.0,18.999999999999996,39.99999999999999,35.0,22.0,60.99999999999999,93.0,28.0,71.99999999999999,50.99999999999999,43.0,79.99999999999999,44.0,27.5,0.0,28.0,67.0,45.99999999999999,68.0,33.0,24.0,61.99999999999999,46.0,50.99999999999999,69.0,45.99999999999999,55.0,49.0,52.99999999999999,45.0,39.0,20.0
B_Sid3.jpg_persistence.pkl,20.0,39.0,23.999999999999996,17.0,38.0,34.99999999999999,38.0,47.0,46.99999999999999,31.0,26.0,23.0,31.5,17.5,81.0,44.0,40.99999999999999,33.0,24.0,24.0,39.0,33.0,29.0,52.0,21.0,34.0,46.99999999999999,22.0,46.99999999999999,33.0,30.999999999999996,34.0,54.0,60.0,29.999999999999996,31.999999999999996,87.99999999999999,52.0,73.0,33.0,73.0,77.0,51.99999999999999,73.0,43.0,41.99999999999999,92.99999999999999,61.0,70.0,37.0,31.999999999999996,21.0,29.999999999999996,33.99999999999999,17.999999999999996,27.999999999999996,38.0,41.0,43.0,48.0,19.0,55.0,39.99999999999999,62.99999999999999,36.99999999999999,30.999999999999996,31.0,29.0,33.0,24.999999999999996,32.0,46.99999999999999,40.0,48.0,82.0,22.0,75.99999999999999,38.99999999999999,38.0,58.0,29.999999999999996,42.0,28.0,0.0,84.0,49.0,39.99999999999999,25.0,24.0,70.0,38.0,54.0,63.0,37.0,42.0,39.5,48.0,34.99999999999999,46.99999999999999,19.5
B_Sid4.jpg_persistence.pkl,87.99999999999999,45.0,70.0,87.99999999999999,61.99999999999999,87.99999999999999,81.0,69.0,87.99999999999999,86.0,83.0,86.0,63.0,87.99999999999999,44.0,87.99999999999999,59.0,87.99999999999999,75.0,74.0,51.0,63.0,75.0,35.99999999999999,87.99999999999999,87.99999999999999,87.99999999999999,86.0,87.99999999999999,83.0,55.0,59.0,38.0,31.0,73.0,87.99999999999999,70.99999999999999,47.99999999999999,55.99999999999999,66.0,53.99999999999999,54.0,62.0,42.0,47.0,55.0,66.99999999999999,45.99999999999999,39.99999999999999,87.99999999999999,59.99999999999999,76.0,82.0,72.0,84.99999999999999,87.99999999999999,67.0,87.99999999999999,87.99999999999999,45.99999999999999,79.0,46.0,57.0,40.0,64.99999999999999,58.99999999999999,66.0,55.99999999999999,62.99999999999999,74.99999999999999,81.0,77.0,85.0,70.0,61.99999999999999,87.0,55.99999999999999,74.0,75.0,57.0,79.0,87.99999999999999,67.0,84.0,0.0,44.99999999999999,63.0,78.0,87.99999999999999,38.0,69.99999999999999,35.99999999999999,45.0,57.0,62.99999999999999,52.0,50.0,67.0,37.0,74.99999999999999
B_Sid5.jpeg_persistence.pkl,49.0,48.99999999999999,47.0,49.0,43.99999999999999,51.0,56.0,47.0,60.99999999999999,49.0,49.0,53.0,42.99999999999999,49.0,65.0,61.0,29.0,59.99999999999999,47.0,46.0,43.0,37.0,49.0,45.0,55.0,54.0,63.5,52.0,60.99999999999999,49.0,33.0,39.99999999999999,33.0,36.0,49.0,55.0,69.99999999999999,39.99999999999999,47.99999999999999,43.0,55.99999999999999,61.0,43.0,39.99999999999999,31.999999999999996,41.0,62.0,43.0,42.0,49.0,39.99999999999999,46.0,53.99999999999999,34.99999999999999,48.99999999999999,51.0,41.0,54.0,59.0,34.99999999999999,47.0,32.0,30.0,42.0,40.99999999999999,34.99999999999999,41.0,37.0,45.99999999999999,44.0,49.0,63.99999999999999,55.0,44.0,61.0,54.0,64.0,47.0,45.99999999999999,40.0,39.0,60.0,45.99999999999999,49.0,44.99999999999999,0.0,42.99999999999999,49.0,49.0,52.0,46.99999999999999,32.99999999999999,44.0,24.0,39.99999999999999,21.999999999999996,34.0,38.0,25.0,42.0
B_Sid6.jpeg_persistence.pkl,51.0,46.99999999999999,36.0,43.0,41.49999999999999,68.99999999999999,73.0,30.0,83.0,51.0,40.99999999999999,52.0,46.0,49.0,54.0,78.0,29.0,67.0,60.99999999999999,35.0,36.0,39.99999999999999,67.99999999999999,58.0,47.0,67.99999999999999,83.0,62.0,83.99999999999999,67.0,27.999999999999996,29.0,39.0,45.0,46.99999999999999,71.0,64.99999999999999,37.0,49.0,20.999999999999996,65.0,65.0,32.0,49.99999999999999,36.99999999999999,23.0,75.0,51.0,59.0,39.0,54.0,48.99999999999999,64.0,25.0,52.0,65.0,20.0,77.0,80.0,32.0,40.0,32.0,30.999999999999996,43.0,27.0,24.0,28.0,38.0,34.0,58.99999999999999,32.0,83.99999999999999,74.0,28.0,53.0,61.0,69.99999999999999,35.0,29.0,34.99999999999999,28.0,76.0,68.0,39.99999999999999,63.0,42.99999999999999,0.0,38.99999999999999,59.99999999999999,51.0,31.999999999999996,36.0,54.0,31.999999999999996,31.0,33.0,34.0,31.0,32.99999999999999,54.0
B_Sid7.jpg_persistence.pkl,22.999999999999996,36.0,16.0,22.999999999999996,39.0,40.0,35.99999999999999,36.0,46.0,30.999999999999996,31.0,36.0,31.5,34.0,67.0,45.99999999999999,34.49999999999999,43.0,38.0,33.0,35.0,32.99999999999999,32.0,42.0,38.0,40.0,47.0,37.0,45.99999999999999,30.999999999999996,28.499999999999996,25.0,49.49999999999999,54.0,34.0,40.0,74.99999999999999,47.0,63.0,38.0,67.0,66.0,37.99999999999999,63.0,35.0,30.0,87.0,60.0,66.49999999999999,35.0,25.0,24.999999999999996,36.0,30.5,31.0,35.0,36.99999999999999,41.0,48.0,48.0,19.999999999999996,47.0,34.99999999999999,45.0,18.0,23.5,27.0,28.0,24.0,23.999999999999996,27.0,50.99999999999999,38.0,38.0,70.0,34.0,74.0,32.0,25.0,57.0,30.0,41.0,33.0,25.0,78.0,49.0,38.99999999999999,0.0,31.0,59.99999999999999,26.0,46.99999999999999,57.0,34.99999999999999,30.5,39.5,32.99999999999999,25.0,41.0,23.999999999999996
B_Sid8.jpg_persistence.pkl,24.0,47.99999999999999,32.0,23.0,41.99999999999999,25.999999999999996,31.999999999999996,52.0,33.99999999999999,36.0,27.0,24.0,31.5,23.999999999999996,91.0,27.499999999999996,40.99999999999999,24.999999999999996,20.0,36.0,49.0,33.0,22.999999999999996,64.0,25.0,25.999999999999996,26.0,21.999999999999996,34.0,21.999999999999996,38.49999999999999,37.99999999999999,65.99999999999999,70.0,29.0,21.999999999999996,92.0,53.0,71.0,53.0,82.0,89.0,57.99999999999999,83.99999999999999,51.99999999999999,48.99999999999999,94.0,73.0,72.49999999999999,37.99999999999999,36.0,19.5,26.0,34.99999999999999,17.999999999999996,18.999999999999996,54.99999999999999,21.0,29.0,49.0,23.0,62.99999999999999,43.99999999999999,70.0,39.0,41.0,36.0,43.0,36.99999999999999,23.999999999999996,39.99999999999999,35.0,24.5,51.0,82.0,28.0,77.0,41.0,43.0,72.0,42.0,27.5,24.0,24.0,87.99999999999999,49.0,59.99999999999999,31.0,0.0,79.49999999999999,40.0,60.0,75.0,43.0,55.0,41.0,56.99999999999999,43.0,56.99999999999999,22.999999999999996
B_Sid9.jpg_persistence.pkl,75.0,41.0,54.0,71.0,44.0,79.49999999999999,76.0,59.0,79.49999999999999,69.0,73.0,67.99999999999999,64.0,74.0,43.99999999999999,79.49999999999999,48.0,79.49999999999999,75.99999999999999,59.0,38.99999999999999,63.99999999999999,59.0,48.99999999999999,79.49999999999999,79.49999999999999,79.49999999999999,71.0,79.49999999999999,75.0,45.0,46.99999999999999,46.0,50.0,67.0,79.49999999999999,65.99999999999999,56.99999999999999,51.99999999999999,56.99999999999999,58.99999999999999,67.0,58.0,49.49999999999999,44.0,53.99999999999999,79.0,59.0,34.0,79.49999999999999,48.0,65.0,73.0,58.0,75.0,78.0,49.0,79.49999999999999,79.49999999999999,43.0,65.99999999999999,57.0,43.0,47.0,47.0,45.0,47.99999999999999,42.0,51.0,59.99999999999999,69.0,71.0,71.0,59.0,64.0,72.99999999999999,43.0,58.0,59.99999999999999,56.0,66.0,79.49999999999999,61.99999999999999,70.0,38.0,52.0,51.0,59.99999999999999,79.49999999999999,0.0,52.0,52.0,41.99999999999999,44.0,60.0,52.99999999999999,38.0,49.0,45.0,61.0
B_Vin1.jpg_persistence.pkl,33.0,41.0,27.999999999999996,34.99999999999999,36.0,50.0,48.99999999999999,32.0,59.0,31.999999999999996,47.0,49.0,42.99999999999999,43.0,63.99999999999999,57.0,36.99999999999999,58.0,42.0,45.0,31.999999999999996,34.0,44.0,44.99999999999999,50.0,51.0,58.0,48.99999999999999,59.0,44.5,31.0,28.0,38.0,46.0,34.0,48.49999999999999,65.0,36.0,50.0,30.999999999999996,55.0,62.0,29.999999999999996,54.99999999999999,34.5,31.0,79.0,46.99999999999999,58.0,32.0,35.0,37.0,50.0,30.999999999999996,39.99999999999999,46.0,28.0,52.0,57.0,37.0,30.0,38.99999999999999,35.0,40.99999999999999,29.0,23.499999999999996,23.0,24.0,18.0,36.0,28.999999999999996,59.49999999999999,51.0,31.0,60.0,48.0,68.0,41.0,32.0,46.99999999999999,35.0,55.0,46.0,38.0,69.99999999999999,46.99999999999999,31.999999999999996,26.0,40.0,52.0,0.0,39.0,47.0,34.5,46.5,36.5,29.0,23.0,32.99999999999999,38.99999999999999
B_Vin10.jpg_persistence.pkl,58.99999999999999,48.0,39.0,58.0,37.0,66.99999999999999,60.0,40.0,66.99999999999999,57.99999999999999,57.0,57.0,47.99999999999999,60.0,45.0,66.99999999999999,38.0,66.99999999999999,64.0,51.49999999999999,36.99999999999999,46.99999999999999,53.99999999999999,51.0,66.99999999999999,66.99999999999999,64.5,56.0,66.99999999999999,52.0,39.0,40.99999999999999,18.999999999999996,27.999999999999996,53.99999999999999,66.99999999999999,56.99999999999999,29.0,35.0,46.0,46.0,42.0,32.0,26.999999999999996,28.999999999999996,36.0,48.0,29.999999999999996,31.0,62.0,44.0,48.0,63.0,40.0,57.0,64.0,42.0,62.0,65.0,39.0,51.0,30.999999999999996,25.0,27.0,34.0,36.0,40.0,31.999999999999996,39.0,48.0,49.99999999999999,65.99999999999999,63.0,45.0,51.99999999999999,54.0,46.0,50.0,46.0,42.99999999999999,46.0,66.99999999999999,50.99999999999999,54.0,35.99999999999999,32.99999999999999,36.0,46.99999999999999,60.0,52.0,39.0,0.0,36.0,27.0,51.5,31.0,31.0,36.0,33.0,45.0
B_Vin2.jpg_persistence.pkl,68.0,56.0,55.0,67.0,39.0,82.49999999999999,71.0,46.99999999999999,82.49999999999999,68.0,72.0,70.99999999999999,73.99999999999999,74.99999999999999,45.99999999999999,82.49999999999999,52.0,82.49999999999999,78.99999999999999,68.99999999999999,40.0,58.0,75.0,65.99999999999999,75.0,82.0,77.0,73.0,82.49999999999999,70.0,52.99999999999999,53.0,27.999999999999996,42.0,66.99999999999999,82.49999999999999,61.0,33.0,30.0,52.99999999999999,42.0,54.0,41.0,31.999999999999996,34.99999999999999,50.99999999999999,61.0,39.0,39.99999999999999,69.0,56.0,63.0,80.0,51.0,73.0,79.0,60.0,76.99999999999999,81.0,53.99999999999999,63.0,47.99999999999999,39.0,34.0,43.0,50.0,53.0,47.0,44.5,63.0,59.99999999999999,79.0,78.99999999999999,51.0,53.0,64.0,34.0,64.0,57.0,54.99999999999999,58.0,82.49999999999999,69.0,63.0,45.0,44.0,54.0,57.0,75.0,41.99999999999999,47.0,36.0,0.0,39.0,61.99999999999999,49.0,49.0,42.0,47.0,62.0
B_Vin3.jpg_persistence.pkl,37.0,43.0,34.5,36.0,41.0,53.0,48.99999999999999,34.5,57.99999999999999,38.0,41.0,46.0,41.99999999999999,42.99999999999999,57.99999999999999,57.99999999999999,27.999999999999996,55.0,47.0,43.0,33.0,30.0,49.0,43.0,49.0,56.0,54.99999999999999,50.0,54.0,43.0,24.999999999999996,25.0,29.0,33.0,39.0,55.0,62.0,28.0,48.0,31.0,51.0,56.0,28.0,41.99999999999999,30.0,24.0,64.0,37.0,40.0,44.5,35.0,34.99999999999999,51.0,24.999999999999996,41.0,52.0,27.999999999999996,52.0,56.0,29.0,33.99999999999999,35.0,26.5,35.0,27.0,22.0,27.0,30.0,34.5,30.999999999999996,35.0,57.99999999999999,47.0,31.0,57.99999999999999,49.0,50.0,40.99999999999999,34.5,48.0,29.0,57.99999999999999,45.99999999999999,37.0,57.0,24.0,31.999999999999996,34.99999999999999,43.0,44.0,34.5,27.0,39.0,0.0,39.0,18.0,21.0,24.0,20.0,37.0
B_Vin4.jpg_persistence.pkl,45.0,48.0,26.5,45.0,41.5,52.0,64.0,54.0,68.0,49.0,36.0,53.99999999999999,34.0,44.99999999999999,70.99999999999999,74.0,42.0,50.0,54.0,31.0,38.0,37.99999999999999,52.99999999999999,53.0,45.0,51.0,68.99999999999999,52.0,68.0,50.0,34.0,41.5,50.99999999999999,47.0,42.0,66.0,88.99999999999999,56.0,69.0,33.0,71.0,71.0,52.5,66.0,44.99999999999999,36.0,86.5,63.99999999999999,60.0,48.0,43.0,40.99999999999999,47.0,29.999999999999996,43.99999999999999,48.0,28.0,65.0,70.0,44.0,36.99999999999999,50.0,44.0,57.0,35.0,31.0,34.0,36.0,40.99999999999999,46.0,33.0,76.49999999999999,58.0,43.99999999999999,77.0,44.0,69.5,33.99999999999999,29.0,41.0,21.999999999999996,62.0,55.0,42.0,62.99999999999999,39.99999999999999,31.0,30.5,55.0,60.0,46.5,51.5,61.99999999999999,39.0,0.0,39.49999999999999,45.0,45.5,34.0,48.0
B_Vin5.jpg_persistence.pkl,41.0,46.0,36.5,39.5,40.99999999999999,56.0,57.0,37.0,63.99999999999999,42.0,44.0,51.0,39.0,40.0,61.0,63.99999999999999,30.0,59.99999999999999,44.0,36.99999999999999,41.0,29.0,53.0,47.99999999999999,49.0,60.99999999999999,63.0,46.99999999999999,63.99999999999999,50.0,27.0,30.0,37.99999999999999,40.0,39.5,55.0,60.99999999999999,30.0,45.99999999999999,34.0,57.0,59.0,33.99999999999999,56.99999999999999,28.0,30.0,67.0,42.0,41.99999999999999,39.5,35.0,39.99999999999999,53.0,29.0,42.0,49.0,32.0,61.0,63.99999999999999,32.0,36.5,33.99999999999999,24.999999999999996,37.99999999999999,30.999999999999996,31.0,30.999999999999996,33.0,36.5,38.0,39.49999999999999,63.99999999999999,57.0,35.0,52.0,51.0,53.99999999999999,42.99999999999999,33.99999999999999,36.0,27.0,63.99999999999999,49.0,39.5,52.0,21.999999999999996,33.0,39.5,41.0,52.99999999999999,36.5,31.0,49.0,18.0,39.49999999999999,0.0,24.0,30.0,27.0,38.0
B_Vin6.jpg_persistence.pkl,53.0,44.0,44.0,45.99999999999999,40.0,70.49999999999999,57.99999999999999,27.999999999999996,70.49999999999999,51.0,52.0,47.0,61.0,61.99999999999999,38.99999999999999,70.49999999999999,30.0,70.49999999999999,66.0,43.0,33.0,44.0,63.99999999999999,47.0,62.0,68.99999999999999,62.99999999999999,60.0,70.49999999999999,55.0,35.0,35.99999999999999,32.0,27.0,49.0,70.49999999999999,52.99999999999999,33.99999999999999,40.0,36.0,60.0,63.0,33.0,40.0,31.0,30.0,74.0,49.0,46.0,54.0,29.0,47.0,67.0,39.0,60.0,66.0,29.999999999999996,66.0,67.99999999999999,30.0,50.0,37.0,26.999999999999996,23.0,27.999999999999996,28.999999999999996,36.0,35.0,29.0,47.99999999999999,44.99999999999999,68.0,65.99999999999999,35.0,46.0,51.0,59.99999999999999,40.0,44.0,42.0,43.0,70.49999999999999,52.99999999999999,48.0,50.0,34.0,34.0,32.99999999999999,56.99999999999999,38.0,29.0,31.0,49.0,21.0,45.0,24.0,0.0,29.0,31.999999999999996,50.0
B_Vin7.jpg_persistence.pkl,35.0,41.99999999999999,27.999999999999996,37.0,40.49999999999999,52.0,52.0,24.0,57.99999999999999,38.0,47.0,48.0,43.0,45.0,56.0,57.99999999999999,35.5,55.99999999999999,43.99999999999999,46.0,32.0,31.0,49.0,48.0,48.0,57.0,57.0,45.0,57.99999999999999,46.0,30.0,20.0,37.0,42.99999999999999,36.99999999999999,49.99999999999999,64.99999999999999,26.999999999999996,45.0,30.0,46.0,54.0,27.0,52.0,28.999999999999996,30.5,76.0,40.0,53.0,36.99999999999999,34.0,36.99999999999999,52.0,28.0,41.99999999999999,46.0,28.0,53.0,55.99999999999999,34.99999999999999,31.999999999999996,34.0,26.0,34.0,29.0,23.0,23.0,31.0,21.0,33.99999999999999,28.0,57.99999999999999,53.0,31.0,56.0,48.0,58.99999999999999,44.0,30.0,41.0,32.0,57.99999999999999,45.0,34.99999999999999,67.0,38.0,31.0,25.0,43.0,49.0,23.0,36.0,42.0,24.0,45.5,30.0,29.0,0.0,30.0,36.0
B_Vin8.jpeg_persistence.pkl,53.0,37.99999999999999,33.0,51.0,35.0,56.99999999999999,51.99999999999999,32.0,56.99999999999999,50.0,52.0,48.99999999999999,38.0,52.99999999999999,57.0,56.99999999999999,30.999999999999996,56.99999999999999,49.99999999999999,47.0,31.999999999999996,38.0,38.99999999999999,37.99999999999999,56.99999999999999,56.99999999999999,56.99999999999999,51.99999999999999,56.99999999999999,53.99999999999999,23.0,22.0,34.0,22.0,40.0,56.99999999999999,75.0,36.99999999999999,55.0,42.99999999999999,60.0,53.0,33.99999999999999,39.0,27.0,27.999999999999996,62.0,48.0,38.99999999999999,57.0,27.0,42.0,53.0,39.0,52.99999999999999,56.0,34.0,56.99999999999999,56.99999999999999,26.0,44.0,37.0,25.0,41.0,28.0,26.999999999999996,29.0,25.0,29.0,38.0,47.0,53.5,47.99999999999999,41.0,66.0,52.0,59.0,46.0,41.0,53.99999999999999,47.0,56.99999999999999,39.0,46.99999999999999,37.0,25.0,32.99999999999999,41.0,56.99999999999999,45.0,32.99999999999999,33.0,47.0,20.0,34.0,27.0,31.999999999999996,30.0,0.0,41.99999999999999
B_Vin9.jpg_persistence.pkl,20.0,33.99999999999999,29.999999999999996,19.5,36.0,30.5,28.0,48.0,38.49999999999999,28.0,25.999999999999996,23.0,24.5,24.0,67.99999999999999,37.0,36.0,30.5,28.0,25.0,39.0,21.0,26.0,43.0,29.999999999999996,35.0,38.49999999999999,20.999999999999996,38.0,23.0,32.0,34.0,51.0,55.0,32.0,30.5,91.0,53.0,67.0,39.0,68.0,66.0,55.0,63.99999999999999,37.0,41.0,78.0,63.99999999999999,61.0,41.0,35.0,23.999999999999996,32.0,34.0,21.0,28.0,42.0,31.0,35.0,40.0,23.0,59.0,41.0,58.0,39.0,31.999999999999996,31.0,25.0,34.99999999999999,15.0,38.0,38.49999999999999,33.0,51.0,81.99999999999999,24.0,68.0,33.0,44.0,61.0,34.99999999999999,38.5,20.0,19.5,74.99999999999999,42.0,54.0,23.999999999999996,22.999999999999996,61.0,38.99999999999999,45.0,62.0,37.0,48.0,38.0,50.0,36.0,41.99999999999999,0.0
