,R_Dey1.jpg_persistence.pkl,R_Dey10.jpeg_persistence.pkl,R_Dey2.jpg_persistence.pkl,R_Dey3.jpeg_persistence.pkl,R_Dey4.jpg_persistence.pkl,R_Dey5.jpg_persistence.pkl,R_Dey6.jpg_persistence.pkl,R_Dey7.jpeg_persistence.pkl,R_Dey8.jpg_persistence.pkl,R_Dey9.jpg_persistence.pkl,R_Gen1.jpg_persistence.pkl,R_Gen10.jpg_persistence.pkl,R_Gen2.jpg_persistence.pkl,R_Gen3.jpg_persistence.pkl,R_Gen4.png_persistence.pkl,R_Gen5.jpeg_persistence.pkl,R_Gen6.jpg_persistence.pkl,R_Gen7.jpg_persistence.pkl,R_Gen8.jpg_persistence.pkl,R_Gen9.jpg_persistence.pkl,R_Goya1.jpg_persistence.pkl,R_Goya10.jpg_persistence.pkl,R_Goya2.jpg_persistence.pkl,R_Goya3.jpg_persistence.pkl,R_Goya4.jpg_persistence.pkl,R_Goya5.jpg_persistence.pkl,R_Goya6.jpg_persistence.pkl,R_Goya7.jpg_persistence.pkl,R_Goya8.jpg_persistence.pkl,R_Goya9.jpg_persistence.pkl,R_Klimt1.jpg_persistence.pkl,R_Klimt10.jpeg_persistence.pkl,R_Klimt2.jpg_persistence.pkl,R_Klimt3.jpg_persistence.pkl,R_Klimt4.jpg_persistence.pkl,R_Klimt5.jpg_persistence.pkl,R_Klimt6.jpg_persistence.pkl,R_Klimt7.jpg_persistence.pkl,R_Klimt8.jpg_persistence.pkl,R_Klimt9.jpg_persistence.pkl,R_Mithila1.jpg_persistence.pkl,R_Mithila10.jpg_persistence.pkl,R_Mithila2.jpg_persistence.pkl,R_Mithila3.jpg_persistence.pkl,R_Mithila4.jpeg_persistence.pkl,R_Mithila5.jpg_persistence.pkl,R_Mithila6.jpg_persistence.pkl,R_Mithila7.jpeg_persistence.pkl,R_Mithila8.jpeg_persistence.pkl,R_Mithila9.jpg_persistence.pkl,R_Raja1.jpg_persistence.pkl,R_Raja10.jpg_persistence.pkl,R_Raja2.jpg_persistence.pkl,R_Raja3.jpg_persistence.pkl,R_Raja4.jpg_persistence.pkl,R_Raja5.jpeg_persistence.pkl,R_Raja6.jpg_persistence.pkl,R_Raja7.jpg_persistence.pkl,R_Raja8.jpg_persistence.pkl,R_Raja9.jpg_persistence.pkl,R_Ren1.jpg_persistence.pkl,R_Ren10.jpg_persistence.pkl,R_Ren2.jpg_persistence.pkl,R_Ren3.jpg_persistence.pkl,R_Ren4.jpg_persistence.pkl,R_Ren5.jpg_persistence.pkl,R_Ren6.jpg_persistence.pkl,R_Ren7.jpg_persistence.pkl,R_Ren8.jpg_persistence.pkl,R_Ren9.jpeg_persistence.pkl,R_Robert1.jpg_persistence.pkl,R_Robert10.jpg_persistence.pkl,R_Robert2.jpg_persistence.pkl,R_Robert3.jpg_persistence.pkl,R_Robert4.jpg_persistence.pkl,R_Robert5.jpg_persistence.pkl,R_Robert6.jpg_persistence.pkl,R_Robert7.jpg_persistence.pkl,R_Robert8.jpg_persistence.pkl,R_Robert9.jpg_persistence.pkl,R_Sid1.jpeg_persistence.pkl,R_Sid10.jpg_persistence.pkl,R_Sid2.jpeg_persistence.pkl,R_Sid3.jpg_persistence.pkl,R_Sid4.jpg_persistence.pkl,R_Sid5.jpeg_persistence.pkl,R_Sid6.jpeg_persistence.pkl,R_Sid7.jpg_persistence.pkl,R_Sid8.jpg_persistence.pkl,R_Sid9.jpg_persistence.pkl,R_Vin1.jpg_persistence.pkl,R_Vin10.jpg_persistence.pkl,R_Vin2.jpg_persistence.pkl,R_Vin3.jpg_persistence.pkl,R_Vin4.jpg_persistence.pkl,R_Vin5.jpg_persistence.pkl,R_Vin6.jpg_persistence.pkl,R_Vin7.jpg_persistence.pkl,R_Vin8.jpeg_persistence.pkl,R_Vin9.jpg_persistence.pkl
R_Dey1.jpg_persistence.pkl,0.0,7120.0,10586.5,7121.5,13730.0,5195.5,8354.5,17678.0,8542.0,4373.5,8668.0,7785.5,8078.0,7202.5,8889.0,8977.5,11180.5,8557.5,8021.0,8783.0,6874.5,7177.0,5703.5,7941.0,7544.0,9624.0,6709.5,11338.0,8813.5,6437.5,12337.0,16901.5,11325.5,15437.5,31075.0,13423.5,23454.5,22163.5,13194.5,15152.0,30259.0,42432.5,22103.5,18967.0,18132.5,17491.0,23957.5,23157.0,18974.5,27049.5,5995.0,9893.0,6535.0,9734.5,5886.5,4920.0,6838.0,6664.0,7385.5,8451.5,12127.0,12476.0,16294.5,11219.5,10954.5,8649.5,14843.5,6144.0,16528.0,5225.5,8722.5,9229.0,8244.0,9842.0,10112.0,8106.0,11096.5,8963.0,10995.5,16055.5,5637.5,13195.5,16193.0,13049.0,8325.0,12773.5,20486.5,13398.0,19468.5,10616.5,15116.0,17683.5,11746.0,9375.5,11478.0,7743.5,16651.5,18433.5,9801.0,14002.0
R_Dey10.jpeg_persistence.pkl,7120.0,0.0,7837.5,5447.0,11794.5,6145.0,4967.0,16203.0,5145.5,5529.5,8298.0,5403.5,5179.5,4345.0,4667.5,5340.5,8744.5,6968.5,7075.0,6605.5,4867.0,4681.5,6969.0,5047.0,4984.0,9161.0,4943.0,9242.0,6707.5,4159.0,12297.0,19775.5,16304.0,18588.0,29137.5,14839.5,22462.0,20339.0,12026.5,14625.5,34890.0,46303.0,26142.5,24332.0,21950.0,17260.0,23374.5,27468.0,23273.5,28839.5,4750.0,8674.0,3547.0,9459.5,4282.5,5660.0,6593.0,4802.5,5583.0,5444.0,13151.0,13176.0,18240.0,16191.5,12055.5,12664.5,18081.5,10655.0,22602.0,6345.0,5633.0,4661.0,4714.0,5347.0,6169.0,4134.5,6888.0,6153.5,7641.5,13520.5,6528.0,13113.0,17586.5,14009.5,11571.5,15420.5,23842.5,14007.5,21403.5,8392.0,16392.5,20763.0,14947.0,14082.0,11128.5,11900.5,16178.5,24122.0,14201.0,17438.0
R_Dey2.jpg_persistence.pkl,10586.5,7837.5,0.0,5134.5,6244.5,11978.0,9008.0,17343.0,9203.5,8645.0,13553.5,9355.5,7962.0,8079.5,6865.5,9189.5,12650.5,11061.5,11518.0,8672.5,7802.0,8048.5,12025.5,8200.0,9328.5,13221.5,8484.0,13036.0,10754.0,8890.5,8209.5,16843.0,16543.0,18654.5,23226.5,13574.0,18420.0,15543.5,9887.5,9923.5,35259.0,44051.5,24185.0,25138.0,21568.5,15662.0,21087.0,28790.0,23229.0,26976.5,7466.5,9634.0,8202.0,13098.0,9327.5,8694.0,7804.5,9156.5,4858.5,5920.5,16516.0,11647.0,15029.0,18215.0,13878.5,11792.5,16402.5,11568.0,24350.5,9071.5,5044.0,8106.0,7056.0,6956.0,10045.0,7935.5,8212.0,6935.5,10491.5,15419.5,8696.5,10559.5,15605.5,10189.0,12463.5,17261.5,21712.0,12097.5,18373.0,9395.5,19221.5,18569.5,14256.0,15350.5,10498.5,12605.5,12448.0,26663.5,15703.0,15811.0
R_Dey3.jpeg_persistence.pkl,7121.5,5447.0,5134.5,0.0,8468.0,8714.0,6887.5,14913.5,6992.0,5587.0,10829.0,6857.0,5681.5,5685.5,5685.0,7075.5,10029.0,8462.0,8880.5,6268.0,4685.0,5015.5,8177.0,5702.5,6626.5,10395.5,5537.5,10418.0,8361.0,6163.0,9082.0,16412.0,13844.0,15871.5,25587.0,11636.0,19029.0,16932.0,8929.0,10893.5,32506.0,43554.5,22780.0,22252.0,19688.0,14347.0,20198.0,25711.0,21056.0,25804.5,4524.0,6697.0,5452.5,10109.5,6035.0,5799.5,4917.0,5655.0,2968.0,4790.5,13470.5,9995.5,15661.5,14623.0,11008.5,9762.0,14981.5,8590.0,20801.0,5678.5,4113.5,6551.5,4955.0,5586.0,7560.5,5985.0,6563.0,5579.0,7932.0,12853.0,5637.0,9732.0,14293.0,11244.0,9974.5,14065.0,20739.0,11405.0,18616.0,8103.0,16348.0,17269.0,11769.5,12174.0,8433.0,9297.0,13505.0,23068.0,12375.0,14705.0
R_Dey4.jpg_persistence.pkl,13730.0,11794.5,6244.5,8468.0,0.0,16056.0,12171.5,20292.5,13036.5,11565.0,17205.0,13077.5,11496.0,11895.5,9920.0,12458.5,15979.0,14824.5,15347.0,12332.0,11539.5,11888.5,15973.5,11862.0,12892.5,17081.5,12409.0,16695.5,14202.5,12901.5,9839.5,16432.5,17866.0,18613.0,23134.5,14454.5,19877.0,16652.0,12029.5,9356.0,34271.5,41067.0,23458.5,24356.0,20049.0,17070.5,21877.5,30362.5,22392.0,24072.0,11397.0,12811.5,12044.0,16832.0,13477.0,12534.0,11431.5,12178.5,7942.5,10382.0,20417.0,13718.0,12132.0,20554.0,17529.5,13355.0,17693.0,13727.5,24874.0,12714.5,8257.5,11256.0,10548.0,10173.0,13131.5,11136.0,10869.5,10527.0,13631.0,18477.5,12396.5,12164.0,15984.0,9219.5,14438.5,20087.5,21864.5,14385.0,14719.0,12063.0,23007.0,19528.0,15139.0,17222.5,13778.0,13962.5,12149.0,28869.0,16905.0,14559.0
R_Dey5.jpg_persistence.pkl,5195.5,6145.0,11978.0,8714.0,16056.0,0.0,6988.5,15967.0,7010.5,6680.0,7013.5,6035.0,7444.5,6165.5,8239.0,7463.0,9422.0,6454.0,6245.0,7956.5,6667.5,6319.5,4045.5,6692.5,5938.5,7423.5,6293.0,8778.0,7442.5,5126.5,14406.0,18099.0,12500.0,17416.0,32216.5,14590.5,23913.5,23385.5,13981.5,17396.5,31388.5,44007.0,23570.5,20464.5,19415.5,16801.5,23938.0,23785.5,20175.0,30243.0,5950.5,9330.5,5233.5,7090.5,4902.0,4289.0,6849.0,6852.5,9132.0,9094.0,9911.0,12521.0,19033.5,12342.0,9766.0,10058.0,15739.0,8354.0,18060.0,5094.0,9002.0,7931.5,7398.0,8925.5,8612.0,6956.5,10966.5,8905.5,9907.5,14258.5,5310.0,14209.0,18247.0,16234.5,8655.0,12497.0,21781.0,13268.5,22718.5,10431.5,13202.0,18578.5,13178.0,10654.0,11140.0,9696.0,18612.5,19012.0,11378.0,16344.5
R_Dey6.jpg_persistence.pkl,8354.5,4967.0,9008.0,6887.5,12171.5,6988.5,0.0,14982.5,2939.5,8362.5,6001.5,2921.0,4277.5,2887.5,4324.5,2532.0,6058.0,4212.5,4494.0,5554.0,3852.5,5964.5,6742.0,4275.5,2715.0,6630.5,4756.5,6119.5,3209.0,2883.5,14219.5,20297.0,17356.5,20319.0,30118.5,16498.0,23395.5,21613.5,12177.0,16287.0,36334.5,48686.0,26286.5,26040.5,24656.5,16247.5,23840.0,28332.0,25420.0,31609.0,5224.5,8689.0,3273.0,7852.5,4157.0,5512.5,6657.5,6711.0,7682.5,7549.5,11727.5,13610.5,21652.0,16508.0,11444.5,13744.0,18764.0,11401.0,23163.0,6585.5,5598.0,3441.5,4689.0,4442.5,4155.0,3216.0,6508.0,6315.0,7030.0,12860.0,7730.0,13858.5,19064.5,17367.5,13976.5,14814.5,25295.5,14582.5,24578.0,8997.0,14251.0,20660.0,15241.5,14667.5,10873.0,12343.5,19241.5,23761.5,15716.0,20105.5
R_Dey7.jpeg_persistence.pkl,17678.0,16203.0,17343.0,14913.5,20292.5,15967.0,14982.5,0.0,14412.0,17907.5,13841.0,13290.0,12884.0,13744.5,14973.5,14882.0,11635.0,13044.0,12964.0,11289.0,13556.0,13533.0,14364.5,13043.0,14081.5,12955.5,13647.5,11748.5,13483.5,14695.0,17095.5,17506.5,19183.0,18585.0,32916.0,16729.5,21357.5,24773.5,16465.0,18725.0,34760.0,47073.0,23323.5,26588.5,24346.5,12450.5,20669.5,23236.5,25731.0,33517.5,13615.0,10273.5,14418.0,12267.0,14247.5,13956.5,12686.0,16366.0,15017.0,16793.0,13448.0,13581.5,24472.0,12812.5,9842.0,16290.0,14451.0,16920.5,22273.5,13830.5,14623.0,16081.5,12774.5,13727.0,14912.5,15438.5,15326.5,13623.0,11812.0,10556.0,14309.5,18217.0,22074.5,22711.0,17107.5,13269.0,23698.0,18045.5,28343.0,16273.5,15408.5,15823.0,13297.5,14777.0,9171.5,15404.0,22450.5,22699.0,18155.0,22996.5
R_Dey8.jpg_persistence.pkl,8542.0,5145.5,9203.5,6992.0,13036.5,7010.5,2939.5,14412.0,0.0,8074.0,5958.5,2284.5,3889.5,3444.5,4697.0,1800.0,5459.5,3326.0,4587.0,5256.0,4185.0,6108.0,7164.0,4135.5,2572.0,5600.5,3985.0,5183.5,2807.0,2966.5,14174.5,20445.5,18534.5,20282.5,30490.5,16922.0,23611.0,21864.0,12643.0,16370.0,36699.5,49552.0,27473.5,26660.5,24915.0,16418.0,23771.0,28584.5,26053.0,31618.5,5650.5,8435.5,3465.5,8652.0,4117.0,5511.5,7094.0,7244.5,7710.5,7749.5,11159.0,14224.5,21855.0,16662.0,11067.0,14487.0,19069.5,12481.5,23632.5,6615.5,5880.0,3595.5,4830.0,4860.0,4567.5,3480.0,7229.5,6506.0,6640.0,12507.0,8459.5,14559.0,19650.5,17493.5,14587.0,15203.0,26131.0,15425.0,24993.0,9340.5,14173.0,20727.0,15041.5,15188.5,10628.0,13072.5,19495.5,24396.5,16428.5,20420.0
R_Dey9.jpg_persistence.pkl,4373.5,5529.5,8645.0,5587.0,11565.0,6680.0,8362.5,17907.5,8074.0,0.0,10471.0,8009.5,7419.5,7113.5,7687.0,8388.0,11617.5,9500.0,9296.0,8875.0,6756.0,6889.0,7503.0,7580.5,7527.0,11065.5,6226.0,11897.0,9600.5,6451.0,11777.0,18208.5,13832.0,16564.0,29911.5,13987.0,23132.5,21197.0,13244.5,13957.0,31690.0,43463.0,24522.0,20123.5,18254.0,18226.0,24086.0,25841.5,20836.5,25779.0,6098.0,9934.0,6258.0,11543.5,6184.5,6146.5,7445.0,5557.5,6010.5,7609.5,14171.5,13279.5,15449.0,13820.0,12732.5,10474.0,16497.5,7778.0,18403.5,5948.5,7577.5,8323.0,7568.0,8790.0,9727.5,7365.0,9922.5,8343.0,10685.0,16062.0,6955.0,13348.5,16814.5,11793.5,9970.5,15035.5,22270.0,14623.0,19190.0,10346.0,17192.5,19211.5,13059.0,10701.5,11678.5,9885.0,15684.0,21264.5,10439.0,14187.0
R_Gen1.jpg_persistence.pkl,8668.0,8298.0,13553.5,10829.0,17205.0,7013.5,6001.5,13841.0,5958.5,10471.0,0.0,5293.0,6916.0,6225.5,8891.5,6436.0,5553.0,4830.0,3705.0,6656.5,7298.0,7824.5,6334.5,6453.0,5375.5,5337.5,6958.5,6124.0,4751.5,5679.0,17665.0,19126.0,15868.5,20409.5,33833.0,17448.5,24687.5,25202.0,15310.0,19478.0,35226.0,48567.5,25430.0,25809.5,25219.0,15199.5,24181.5,25120.5,25373.5,34528.5,7543.0,9219.0,6101.0,6416.5,5979.5,7116.0,8618.0,9426.5,11521.5,11475.0,9831.0,14130.5,24138.0,13378.5,8759.0,13208.0,17325.0,11603.0,20576.0,7597.5,9761.5,7842.5,8412.5,8405.0,7620.5,7299.0,11136.0,10020.5,7677.5,12084.0,8441.0,16337.5,20914.5,20704.5,14017.5,13355.0,25131.5,15549.5,26982.0,12237.5,12562.0,19326.0,13657.5,13048.5,9818.5,11980.5,22183.0,21418.5,15835.0,21694.0
R_Gen10.jpg_persistence.pkl,7785.5,5403.5,9355.5,6857.0,13077.5,6035.0,2921.0,13290.0,2284.5,8009.5,5293.0,0.0,3687.0,3120.5,4868.0,2313.5,4778.0,2487.5,3475.0,4391.5,3487.0,5052.0,5821.5,3228.0,1930.5,4871.0,3451.5,4590.0,2438.5,2836.0,13720.0,19245.5,17144.0,18959.0,29798.0,15581.0,22406.0,21241.0,11740.5,15901.0,35363.5,48077.5,26080.5,25444.0,23657.0,15205.0,22428.0,27326.5,24915.5,31110.0,4720.0,7328.5,2976.0,7239.5,3311.5,4494.5,5843.5,6726.0,7603.5,7571.5,10152.5,12682.5,21337.0,15394.0,10216.5,12930.0,17731.5,11224.5,22190.5,5252.0,5573.0,4100.0,4323.0,4719.5,4121.0,3678.5,7219.5,6152.5,5844.5,11345.5,7183.0,13197.5,18263.0,17167.0,13429.5,14156.0,24635.0,13992.0,24137.0,8674.5,13162.5,19581.0,14126.5,13779.5,9492.0,11815.5,18837.0,23077.0,14940.0,19313.0
R_Gen2.jpg_persistence.pkl,8078.0,5179.5,7962.0,5681.5,11496.0,7444.5,4277.5,12884.0,3889.5,7419.5,6916.0,3687.0,0.0,3851.0,4212.0,3999.5,6254.5,5071.5,5280.5,3926.0,4006.5,4556.5,7422.5,3154.5,3896.0,7327.5,4074.0,6856.0,4817.5,4186.5,12628.0,19794.0,17567.5,19081.5,28504.5,14994.0,21076.5,20130.5,11662.0,14612.5,36084.0,48266.0,26599.5,25561.5,23604.5,15130.0,22591.5,27522.0,24661.0,30114.0,4392.0,7117.5,3544.5,8430.5,4663.0,5248.0,6481.0,6767.0,6356.5,6514.0,12036.5,13122.0,20397.5,15565.5,10453.0,13479.5,18240.5,11718.0,23137.5,5913.0,4394.5,4803.0,3547.5,3973.5,4980.5,4153.5,6412.5,5881.5,5620.5,10958.5,7410.5,13397.5,18431.0,15993.5,13160.5,14999.0,24913.0,14216.0,23476.0,8395.0,14464.5,20368.5,14823.0,14445.5,9371.0,12505.0,17880.0,24192.5,15351.0,19096.0
R_Gen3.jpg_persistence.pkl,7202.5,4345.0,8079.5,5685.5,11895.5,6165.5,2887.5,13744.5,3444.5,7113.5,6225.5,3120.5,3851.0,0.0,4128.0,3895.0,6296.0,4342.5,4416.5,4334.0,3240.5,4645.5,6048.0,3911.0,3342.5,6336.5,3694.0,6542.0,4050.5,2520.5,12658.5,18599.0,15834.5,18449.0,28963.5,14662.0,21871.0,20188.0,10706.0,14771.5,34637.5,46946.0,24850.0,24279.0,22683.0,14990.0,22053.0,26900.0,23603.0,29921.0,3736.5,7120.5,2639.5,6786.0,3330.5,4293.5,5216.5,5271.0,6220.5,6399.5,10565.0,11945.5,19812.0,15272.0,10274.5,12318.0,17290.0,9898.5,21834.0,5471.5,5179.5,4453.0,3934.5,4666.0,5044.0,3591.0,6174.0,5082.5,6182.0,11457.0,6088.0,12202.0,17325.5,15568.0,12209.0,13393.5,23613.5,12824.0,22640.5,7542.5,13110.5,19176.0,13683.0,13401.0,9372.5,10783.5,17544.0,22737.0,14362.0,18249.0
R_Gen4.png_persistence.pkl,8889.0,4667.5,6865.5,5685.0,9920.0,8239.0,4324.5,14973.5,4697.0,7687.0,8891.5,4868.0,4212.0,4128.0,0.0,4389.5,7925.0,6604.0,7130.0,5594.5,4818.5,5166.0,8673.0,4595.0,4841.5,9021.0,5100.0,8607.0,6066.5,4771.5,12566.0,20481.0,17760.5,19430.0,27084.5,15150.0,20941.5,18509.5,10162.0,13990.0,36357.5,47574.5,26484.0,25562.0,24041.5,16131.5,21881.5,28955.5,24127.5,29992.0,5235.5,7664.0,3839.0,9052.0,5861.5,6018.5,6575.0,6150.5,5717.0,5738.5,13339.0,12443.5,19620.0,17537.0,12731.0,14333.5,19034.0,12187.0,24283.5,7330.5,4881.0,3119.0,3815.5,3862.0,5149.5,3047.0,4647.5,5201.0,6529.0,11980.5,7741.0,12103.5,17138.5,14897.5,12660.0,15602.5,24065.5,13482.0,21984.0,6930.5,16139.0,21044.5,16004.0,15748.5,10487.5,12855.5,16765.0,25354.5,15699.0,19576.5
R_Gen5.jpeg_persistence.pkl,8977.5,5340.5,9189.5,7075.5,12458.5,7463.0,2532.0,14882.0,1800.0,8388.0,6436.0,2313.5,3999.5,3895.0,4389.5,0.0,5575.5,3493.0,5024.5,6026.5,4399.5,6411.0,7636.5,4320.0,2573.5,6103.5,3778.0,5597.5,2827.0,3625.5,14403.5,21037.0,19091.0,20661.0,30470.5,17386.5,23893.5,21938.0,12918.5,16592.0,37158.5,49958.5,28079.5,27122.0,25336.0,16907.5,23484.5,29368.0,26440.5,31868.0,6126.5,9005.0,3710.0,9148.0,4561.0,5901.5,7606.5,7574.5,7880.0,7942.0,11533.0,14636.0,22172.5,17338.5,11916.0,14876.0,19666.5,13080.0,24110.5,6958.5,5685.0,3109.5,4922.0,4500.5,3986.5,3436.0,6811.5,6776.0,6750.0,12908.0,8934.5,14933.0,20024.0,17764.0,14957.5,15814.5,26604.5,15855.5,25335.0,9591.0,14631.5,21252.0,15797.0,15748.0,11344.5,13550.0,19742.0,25013.5,16816.5,20808.0
R_Gen6.jpg_persistence.pkl,11180.5,8744.5,12650.5,10029.0,15979.0,9422.0,6058.0,11635.0,5459.5,11617.5,5553.0,4778.0,6254.5,6296.0,7925.0,5575.5,0.0,4156.5,4955.0,5892.5,6538.5,7828.5,8261.5,5875.5,5320.0,4390.5,6156.5,3587.0,4056.5,6306.5,16931.5,19177.0,18734.5,20677.5,32607.0,17813.0,24119.5,24203.5,14455.5,18653.0,36890.0,50029.0,26881.5,27768.0,26369.5,14127.0,21960.0,27434.5,27345.5,34340.0,7604.5,8703.5,6370.5,7750.0,6580.5,7784.0,8393.0,9906.0,10779.0,10895.5,8587.0,14126.5,24462.0,15131.0,8553.5,14669.0,17868.0,13044.5,23368.0,8392.5,8676.0,7633.5,7433.5,7268.5,6752.0,7161.5,9907.5,9159.5,5784.5,10903.0,9553.0,15860.0,20644.0,20339.5,16048.0,13850.0,26205.0,15972.0,27030.0,11700.5,12680.0,18769.0,12895.0,14543.0,9020.5,13379.5,21866.5,24200.5,17202.5,22377.5
R_Gen7.jpg_persistence.pkl,8557.5,6968.5,11061.5,8462.0,14824.5,6454.0,4212.5,13044.0,3326.0,9500.0,4830.0,2487.5,5071.5,4342.5,6604.0,3493.0,4156.5,0.0,3171.5,5122.0,4701.5,6015.5,5643.0,4260.0,3170.0,3434.0,4077.0,3660.5,2480.5,3960.5,15203.5,18379.5,17001.5,19174.0,31295.0,16063.5,23079.5,22724.5,12760.0,17133.5,35138.0,48285.0,25609.0,25787.0,24394.5,14010.0,22267.0,26537.0,25471.5,32490.0,5712.0,7706.5,4379.5,6545.0,4159.5,5241.5,6220.0,8243.5,9197.5,9200.0,8753.5,12682.5,22562.0,14461.5,8914.5,12796.5,16960.0,11178.5,21715.5,5736.5,7206.0,5904.0,5906.0,6309.0,5294.0,5266.5,8923.5,7574.0,5926.0,11470.5,7606.0,14016.0,18994.0,18584.5,14164.5,12928.5,24553.0,14181.0,25169.5,10036.0,11652.5,18293.5,12737.5,13123.5,9184.5,11508.5,20175.0,22515.5,15105.5,20235.0
R_Gen8.jpg_persistence.pkl,8021.0,7075.0,11518.0,8880.5,15347.0,6245.0,4494.0,12964.0,4587.0,9296.0,3705.0,3475.0,5280.5,4416.5,7130.0,5024.5,4955.0,3171.5,0.0,5454.0,5277.5,6086.5,5126.5,4385.5,3846.5,3995.5,5274.5,4747.0,3534.0,4107.0,15583.0,18117.5,15769.5,19250.5,31674.5,15735.0,22625.0,23090.5,13472.5,17313.5,34876.0,47642.5,24401.5,25209.5,24172.5,14116.0,22641.0,25224.0,24921.5,32654.5,5650.0,7576.5,4515.0,5468.5,4545.0,5162.0,6793.0,8332.5,9523.5,9616.5,9201.5,12096.5,22614.0,13339.0,8606.0,12088.0,16431.0,10498.0,20624.5,5712.5,7794.5,6586.5,6309.0,6572.0,5993.0,5700.5,9442.5,8089.0,6839.0,10991.5,7247.5,14250.5,18965.0,18836.5,13517.0,12383.0,23887.0,13848.0,25282.5,10167.0,11612.0,18422.0,12860.0,12182.5,8916.5,11083.5,20305.0,21289.0,14596.0,20232.5
R_Gen9.jpg_persistence.pkl,8783.0,6605.5,8672.5,6268.0,12332.0,7956.5,5554.0,11289.0,5256.0,8875.0,6656.5,4391.5,3926.0,4334.0,5594.5,6026.5,5892.5,5122.0,5454.0,0.0,4514.0,4729.5,7400.0,4448.0,5131.0,6695.5,4959.0,6819.5,5254.0,5263.5,12646.0,17458.0,15880.5,17078.5,28463.5,13404.5,20170.0,19816.5,10303.0,14377.0,34263.0,46376.5,24542.0,24515.0,22783.0,12925.5,20745.5,25772.0,23511.5,29936.0,4430.0,5462.0,4858.0,7271.5,5226.0,5551.0,4901.0,6850.5,6709.5,7346.0,10946.5,11039.0,19907.5,14231.5,8810.5,11846.0,15963.5,10494.0,21965.5,6103.5,5743.0,6504.0,4374.5,5122.0,6569.5,5610.0,6891.0,5570.0,4780.5,9200.0,6549.0,11668.0,16618.5,15837.0,12029.0,13495.0,22850.5,12304.5,22514.0,8260.0,13738.5,18111.0,12717.0,13343.5,7056.5,10930.5,17388.5,23490.0,14183.5,18358.0
R_Goya1.jpg_persistence.pkl,6874.5,4867.0,7802.0,4685.0,11539.5,6667.5,3852.5,13556.0,4185.0,6756.0,7298.0,3487.0,4006.5,3240.5,4818.5,4399.5,6538.5,4701.5,5277.5,4514.0,0.0,4608.5,5545.5,3585.0,3398.0,6772.5,3370.5,6579.0,4457.0,3597.5,11894.5,17671.5,15326.5,17511.0,28415.5,14007.0,21226.0,19860.5,10521.0,13908.0,33807.5,46185.5,24257.5,23997.0,22210.5,14683.5,21751.5,26001.0,23416.0,28997.0,3851.5,6711.5,3698.5,7466.5,3114.0,4473.0,4425.5,5303.0,5532.5,5677.0,10711.5,11437.0,19281.5,14209.0,9579.5,11208.5,16192.0,9377.0,20951.0,4675.5,4825.5,5122.0,3993.5,4617.5,4906.0,4334.0,6650.0,5168.0,6000.0,11572.0,5955.0,11689.5,16535.5,14889.0,11884.0,13238.0,22712.5,12685.0,22127.5,8089.0,13547.5,18271.5,12748.0,12341.0,8677.5,10251.5,16744.5,22080.5,13366.0,17591.5
R_Goya10.jpg_persistence.pkl,7177.0,4681.5,8048.5,5015.5,11888.5,6319.5,5964.5,13533.0,6108.0,6889.0,7824.5,5052.0,4556.5,4645.5,5166.0,6411.0,7828.5,6015.5,6086.5,4729.5,4608.5,0.0,6454.0,3859.5,5045.5,7695.5,4664.0,8090.5,6576.0,4995.5,11410.5,17372.5,14781.5,16635.5,27374.0,12542.0,19479.0,18493.5,10005.5,13129.0,33501.0,44851.0,23978.0,23334.0,20884.0,14184.0,20306.5,25337.0,21925.5,28229.0,3157.0,5589.0,4022.0,7280.0,4469.5,4587.5,4923.5,5561.5,5538.0,5511.0,11340.5,10364.5,18000.5,13996.0,9376.0,10776.0,15664.0,9594.5,21035.5,4736.0,5102.0,5639.5,4047.0,5005.0,6281.0,5068.5,6677.5,5377.5,5821.0,10927.5,5072.0,10803.5,15374.5,13846.5,10235.5,12885.0,21543.0,11414.5,20497.5,7577.5,14043.5,18060.5,12646.5,12095.5,8087.0,10201.0,15323.5,22363.5,12770.0,16678.0
R_Goya2.jpg_persistence.pkl,5703.5,6969.0,12025.5,8177.0,15973.5,4045.5,6742.0,14364.5,7164.0,7503.0,6334.5,5821.5,7422.5,6048.0,8673.0,7636.5,8261.5,5643.0,5126.5,7400.0,5545.5,6454.0,0.0,6408.5,5628.5,6087.5,5719.0,7493.0,6652.5,5245.0,14370.5,16124.5,12033.0,16804.5,31929.5,13661.5,22884.0,23064.0,13383.0,16860.0,30905.5,43694.0,21658.5,21240.5,20420.5,14593.5,22696.5,22819.0,21183.0,30110.0,5763.0,8256.5,5589.5,5296.0,4234.0,4510.0,5594.5,7177.5,8947.5,9025.5,7929.0,10704.5,19627.0,10880.0,7658.5,8758.0,14192.5,6881.0,17114.0,4220.5,9041.0,8426.0,7609.5,8897.5,8004.5,7392.0,10904.5,8787.0,9196.5,13013.0,5128.0,13188.5,16987.5,16334.5,10113.5,10507.5,20678.0,12179.5,22677.0,10560.0,11152.0,16423.5,11067.5,9244.5,9360.5,7787.0,18404.5,18157.5,10688.5,16858.5
R_Goya3.jpg_persistence.pkl,7941.0,5047.0,8200.0,5702.5,11862.0,6692.5,4275.5,13043.0,4135.5,7580.5,6453.0,3228.0,3154.5,3911.0,4595.0,4320.0,5875.5,4260.0,4385.5,4448.0,3585.0,3859.5,6408.5,0.0,3179.0,6439.5,3766.5,6062.0,4497.0,4033.5,12281.0,18372.5,16483.5,18001.5,28300.0,13925.0,20449.0,19773.0,11437.5,14050.0,34960.0,46784.0,25296.5,24829.0,22443.5,14608.5,21436.5,26479.5,23890.5,29639.5,3970.0,6239.5,3273.5,7258.0,4129.0,4447.5,5891.5,6453.5,6298.0,6561.0,11083.5,11740.0,19796.0,14648.5,9798.0,11982.0,16806.5,10807.5,22060.5,4644.5,4562.5,4778.0,3629.0,4180.0,4718.5,3903.0,6572.5,5520.5,5374.5,10698.5,6479.5,12447.5,17396.5,15611.0,12325.5,13753.0,23518.0,13153.0,22697.0,8068.5,13722.5,18833.0,13503.5,12965.0,8619.0,11552.0,17267.0,23201.0,14134.0,18246.0
R_Goya4.jpg_persistence.pkl,7544.0,4984.0,9328.5,6626.5,12892.5,5938.5,2715.0,14081.5,2572.0,7527.0,5375.5,1930.5,3896.0,3342.5,4841.5,2573.5,5320.0,3170.0,3846.5,5131.0,3398.0,5045.5,5628.5,3179.0,0.0,5528.0,3520.0,5353.0,2940.5,2693.0,13820.5,19381.5,16910.0,19122.0,29925.5,15567.5,22701.5,21433.5,12085.5,15827.0,35207.0,47911.5,25948.0,25235.5,23514.5,15831.5,22881.0,27261.5,24769.5,30960.0,4737.5,7729.5,2721.0,7478.0,3137.0,4415.5,6027.5,6446.5,7452.5,7451.0,10724.5,12815.0,21170.0,15338.5,10517.5,12817.0,17800.5,11046.5,21936.5,5199.5,5486.5,3971.5,4570.5,4851.0,3850.0,3147.0,7000.5,6186.5,6215.5,12073.5,7085.5,13445.0,18342.0,17033.0,13229.0,14131.0,24485.5,14088.0,24114.5,8889.5,13608.5,19842.5,14314.0,13644.0,10002.0,11711.0,18672.5,22796.0,14744.5,19258.5
R_Goya5.jpg_persistence.pkl,9624.0,9161.0,13221.5,10395.5,17081.5,7423.5,6630.5,12955.5,5600.5,11065.5,5337.5,4871.0,7327.5,6336.5,9021.0,6103.5,4390.5,3434.0,3995.5,6695.5,6772.5,7695.5,6087.5,6439.5,5528.0,0.0,5727.0,3626.5,4365.5,5774.5,16774.5,17804.5,16742.0,19965.5,33102.5,17038.0,24428.0,24464.0,14606.0,18826.0,35359.0,48671.5,24891.5,26230.5,25208.0,13212.5,22043.5,25849.0,25990.5,33832.0,7292.0,8676.0,6369.5,6055.5,6099.0,6345.5,7623.0,10237.0,11034.0,11287.5,6561.5,13160.0,23777.5,13625.0,7428.0,12990.5,16357.5,11147.0,21129.0,6977.0,9587.5,8370.0,7877.5,8586.5,7919.5,7652.5,11233.5,9403.5,6767.0,11850.0,8371.5,15433.0,20155.0,20080.0,14704.5,11305.0,24928.0,14964.0,26445.0,11643.5,9814.0,16909.0,11280.0,12770.0,9474.0,11658.5,21602.0,21644.0,15614.5,21290.5
R_Goya6.jpg_persistence.pkl,6709.5,4943.0,8484.0,5537.5,12409.0,6293.0,4756.5,13647.5,3985.0,6226.0,6958.5,3451.5,4074.0,3694.0,5100.0,3778.0,6156.5,4077.0,5274.5,4959.0,3370.5,4664.0,5719.0,3766.5,3520.0,5727.0,0.0,6214.0,4453.0,3665.0,12348.0,18134.0,16394.0,17712.5,29152.5,14723.5,21992.5,20243.0,11368.5,14566.5,34373.5,47144.5,25391.5,24372.5,22515.5,14985.5,20979.5,26605.5,23643.5,29259.5,4048.5,6938.5,3276.5,7712.0,3356.5,3967.5,5527.0,6066.5,6102.0,6544.0,9695.5,12188.0,19470.5,14450.5,9485.5,12026.0,16776.0,10472.5,21276.5,4726.5,5585.0,5256.5,4411.5,5453.0,5434.0,4463.5,7337.5,5616.5,5583.5,11650.0,6417.5,12696.0,17605.0,15367.5,12209.0,13112.0,23804.5,13521.5,22618.5,8237.5,12753.5,18377.0,12795.0,12878.0,9072.5,10867.5,17251.0,22400.5,14064.0,18041.0
R_Goya7.jpg_persistence.pkl,11338.0,9242.0,13036.0,10418.0,16695.5,8778.0,6119.5,11748.5,5183.5,11897.0,6124.0,4590.0,6856.0,6542.0,8607.0,5597.5,3587.0,3660.5,4747.0,6819.5,6579.0,8090.5,7493.0,6062.0,5353.0,3626.5,6214.0,0.0,3956.5,6248.5,17116.0,18619.5,18311.0,20713.5,33081.5,17947.0,24131.5,24609.0,14817.5,18959.0,36777.0,50008.0,26155.0,27849.5,26339.0,13248.0,22135.0,26886.5,27541.5,34452.5,8004.0,8844.0,6826.0,7136.5,6426.5,7706.5,8363.5,10438.5,11173.5,11227.0,7571.0,13979.0,24622.5,14457.0,7994.0,14339.0,17221.0,12908.5,22612.5,7855.5,9144.5,7808.0,7777.5,7956.0,7099.0,7503.0,10873.0,9710.5,6674.0,10946.0,9876.5,15985.0,20899.0,20527.0,16160.0,12580.5,26201.5,16118.0,27482.0,12213.5,11014.0,17726.0,11714.0,13652.0,9067.0,13411.5,22061.0,23043.5,16798.5,22328.5
R_Goya8.jpg_persistence.pkl,8813.5,6707.5,10754.0,8361.0,14202.5,7442.5,3209.0,13483.5,2807.0,9600.5,4751.5,2438.5,4817.5,4050.5,6066.5,2827.0,4056.5,2480.5,3534.0,5254.0,4457.0,6576.0,6652.5,4497.0,2940.5,4365.5,4453.0,3956.5,0.0,4032.0,15479.5,19351.0,17839.0,20118.5,31355.0,17100.0,23883.5,22962.5,13227.5,17463.0,36203.5,49367.0,26517.0,26680.5,25387.0,15173.5,23181.0,27558.0,26459.0,32911.0,6108.5,8286.5,4498.5,7433.0,4218.0,6030.0,7098.5,8140.0,9231.5,9138.5,9850.5,13785.0,23232.5,15469.0,9783.0,13863.0,18140.5,11888.0,22597.5,6759.0,6818.5,5194.5,5927.0,5706.5,4774.5,4934.0,8332.5,7713.0,6048.0,11955.5,8454.0,14782.5,19775.0,18931.0,15125.0,14010.5,25641.0,15104.0,25892.5,10305.5,12731.0,19434.5,13825.5,14203.0,10053.0,12371.5,20630.5,23388.5,16234.5,21114.0
R_Goya9.jpg_persistence.pkl,6437.5,4159.0,8890.5,6163.0,12901.5,5126.5,2883.5,14695.0,2966.5,6451.0,5679.0,2836.0,4186.5,2520.5,4771.5,3625.5,6306.5,3960.5,4107.0,5263.5,3597.5,4995.5,5245.0,4033.5,2693.0,5774.5,3665.0,6248.5,4032.0,0.0,13187.0,19242.0,15949.0,19059.5,29976.0,15227.5,22846.5,21105.5,11538.5,15531.5,34751.0,47175.0,25160.5,24264.0,22744.5,15893.5,23232.5,26851.5,23717.5,30356.0,4108.0,8045.0,2103.0,7238.5,2964.5,3776.5,5556.5,5732.5,6734.0,6733.0,10521.5,12596.5,20091.0,15043.0,10396.5,12425.5,17553.0,10041.0,21556.5,5056.5,5733.0,4306.5,4421.0,5311.0,5085.5,3371.0,7180.5,5677.5,6835.0,12553.5,6148.5,12972.0,18005.5,16142.0,12206.0,13674.0,24005.0,13685.0,23112.5,8224.5,13421.5,19648.0,13954.0,13272.5,10152.0,10989.5,18144.0,22233.5,14190.5,18331.0
R_Klimt1.jpg_persistence.pkl,12337.0,12297.0,8209.5,9082.0,9839.5,14406.0,14219.5,17095.5,14174.5,11777.0,17665.0,13720.0,12628.0,12658.5,12566.0,14403.5,16931.5,15203.5,15583.0,12646.0,11894.5,11410.5,14370.5,12281.0,13820.5,16774.5,12348.0,17116.0,15479.5,13187.0,0.0,13006.0,14885.5,15309.5,22056.0,11269.5,17249.0,15500.0,11431.5,8222.5,31867.0,40419.5,20789.5,22199.0,18669.5,16000.0,19217.5,25225.5,20215.5,23967.5,10936.0,10622.5,12440.0,16103.5,12853.0,11560.0,10427.0,12987.0,8527.0,10455.0,18729.0,10638.5,12131.0,16719.5,15328.5,10947.5,13580.0,12071.5,22093.0,11763.5,9373.0,13871.0,10293.5,11590.0,14906.0,13125.5,12482.0,9907.0,13305.5,16751.0,11085.0,11617.0,14272.0,9443.5,11210.5,16544.5,18824.0,12975.5,15917.5,12527.0,21751.5,15676.0,12815.5,15271.5,10950.0,10750.0,10783.5,25392.0,14634.5,13386.5
R_Klimt10.jpeg_persistence.pkl,16901.5,19775.5,16843.0,16412.0,16432.5,18099.0,20297.0,17506.5,20445.5,18208.5,19126.0,19245.5,19794.0,18599.0,20481.0,21037.0,19177.0,18379.5,18117.5,17458.0,17671.5,17372.5,16124.5,18372.5,19381.5,17804.5,18134.0,18619.5,19351.0,19242.0,13006.0,0.0,12259.5,8609.5,27095.5,11762.0,17187.0,20277.5,16265.5,10983.0,23105.0,32778.5,11019.5,16284.0,14454.5,13701.0,16309.5,16467.0,14824.0,21864.5,16797.0,14551.5,19238.0,15527.0,17745.0,17107.5,14836.5,18449.0,16097.5,18371.5,17140.0,11374.5,13527.0,12494.0,13760.0,10058.5,7411.5,12781.5,16289.5,15775.5,17625.5,21379.0,17986.0,18761.5,20736.5,20472.5,19418.5,17011.5,17403.5,18834.0,14975.5,15295.0,15815.0,14743.5,12996.5,13757.0,11254.0,14608.5,17088.0,19244.5,20243.5,8316.0,9671.5,11969.5,12521.0,10831.0,16135.0,20902.0,12985.5,13107.5
R_Klimt2.jpg_persistence.pkl,11325.5,16304.0,16543.0,13844.0,17866.0,12500.0,17356.5,19183.0,18534.5,13832.0,15868.5,17144.0,17567.5,15834.5,17760.5,19091.0,18734.5,17001.5,15769.5,15880.5,15326.5,14781.5,12033.0,16483.5,16910.0,16742.0,16394.0,18311.0,17839.0,15949.0,14885.5,12259.5,0.0,13100.5,32895.0,13253.5,22958.0,24600.0,16649.0,16587.0,23212.0,36306.5,15356.5,14998.5,14573.5,16217.5,22844.5,15483.5,14026.5,26953.5,14128.0,13769.5,16091.0,12602.5,14921.0,13879.5,12452.0,14465.5,13941.0,16527.0,15317.0,11600.0,15655.5,9103.5,12902.5,7447.5,9564.0,8748.0,9122.5,13074.0,16125.5,18749.5,15983.5,17414.0,18807.5,17615.0,17917.5,15857.5,17680.5,19313.5,11583.5,15436.5,16721.0,15283.5,7692.0,11958.0,15413.5,14781.5,19950.0,17243.5,17089.5,12913.5,10468.0,9108.0,13491.5,7943.0,18597.5,12798.0,8650.0,13305.5
R_Klimt3.jpg_persistence.pkl,15437.5,18588.0,18654.5,15871.5,18613.0,17416.0,20319.0,18585.0,20282.5,16564.0,20409.5,18959.0,19081.5,18449.0,19430.0,20661.0,20677.5,19174.0,19250.5,17078.5,17511.0,16635.5,16804.5,18001.5,19122.0,19965.5,17712.5,20713.5,20118.5,19059.5,15309.5,8609.5,13100.5,0.0,26868.0,9121.0,16436.5,19687.5,15980.5,12220.5,19642.5,30736.5,12047.5,13257.0,12441.0,15511.0,15281.0,16148.5,11061.5,18148.5,16344.5,14151.0,18447.0,18139.5,17569.0,16725.0,15079.5,16830.5,15666.0,18378.0,20375.0,12138.0,12867.5,13865.5,17262.5,12239.0,10381.0,13209.0,16078.0,15689.0,18333.0,20508.5,17472.5,18568.0,20301.5,19718.5,17781.5,16876.5,17423.5,18292.0,15200.0,15158.5,14667.0,14754.5,11490.0,16650.5,10043.5,14958.5,15831.5,17789.0,23665.5,12396.0,13100.0,14062.5,13843.0,11002.5,17154.5,21271.5,11594.5,11780.0
R_Klimt4.jpg_persistence.pkl,31075.0,29137.5,23226.5,25587.0,23134.5,32216.5,30118.5,32916.0,30490.5,29911.5,33833.0,29798.0,28504.5,28963.5,27084.5,30470.5,32607.0,31295.0,31674.5,28463.5,28415.5,27374.0,31929.5,28300.0,29925.5,33102.5,29152.5,33081.5,31355.0,29976.0,22056.0,27095.5,32895.0,26868.0,0.0,22037.0,16908.0,15057.5,21805.0,18500.0,40496.0,40763.0,27512.0,36720.0,35158.5,27003.0,20463.5,38669.5,29916.0,31516.5,27517.5,26459.0,28907.0,32132.5,30051.0,28987.0,27267.0,29297.0,24771.5,25739.5,36080.5,24747.0,26920.5,35572.0,32649.0,29690.0,31114.0,30783.0,40564.5,29063.0,25351.0,29009.5,26180.0,26793.0,30198.0,28549.0,25755.0,25192.5,28332.5,30210.5,28011.5,21348.5,22451.5,24464.0,28179.5,34006.5,24275.0,21473.0,24118.5,24077.0,38673.5,32745.5,30620.0,33836.0,27193.0,28388.5,15795.5,44301.5,33262.5,31862.0
R_Klimt5.jpg_persistence.pkl,13423.5,14839.5,13574.0,11636.0,14454.5,14590.5,16498.0,16729.5,16922.0,13987.0,17448.5,15581.0,14994.0,14662.0,15150.0,17386.5,17813.0,16063.5,15735.0,13404.5,14007.0,12542.0,13661.5,13925.0,15567.5,17038.0,14723.5,17947.0,17100.0,15227.5,11269.5,11762.0,13253.5,9121.0,22037.0,0.0,12801.0,14312.0,10698.5,8686.5,25242.0,33785.5,13797.0,19117.0,17593.5,10804.5,12738.5,21063.5,14197.5,21471.5,12289.5,10738.5,14565.0,15055.0,14177.5,12939.0,11130.0,13535.5,11344.0,13599.5,18068.0,7886.0,14219.5,14877.0,14481.0,10852.0,12235.5,11551.0,20592.5,11761.5,13629.0,16464.0,13389.5,14482.5,16750.5,15578.0,13102.0,12655.5,14223.0,14917.5,11151.5,9378.0,10283.5,12794.0,9796.5,14799.0,11838.5,9256.5,15111.0,13032.0,21171.0,14668.0,11567.0,13735.5,10654.5,9194.0,12712.0,24066.5,13264.5,15049.5
R_Klimt6.jpg_persistence.pkl,23454.5,22462.0,18420.0,19029.0,19877.0,23913.5,23395.5,21357.5,23611.0,23132.5,24687.5,22406.0,21076.5,21871.0,20941.5,23893.5,24119.5,23079.5,22625.0,20170.0,21226.0,19479.0,22884.0,20449.0,22701.5,24428.0,21992.5,24131.5,23883.5,22846.5,17249.0,17187.0,22958.0,16436.5,16908.0,12801.0,0.0,10633.5,13656.0,13163.5,31610.0,35120.0,18439.5,27319.0,25652.0,16325.5,10629.5,27164.5,22228.5,26969.5,19831.5,16615.5,21864.5,22490.5,22304.0,21178.5,19239.0,21874.5,18531.5,18636.5,25971.5,13687.5,21306.5,23154.5,21733.0,20351.5,19707.5,21982.5,29583.5,20679.5,19884.5,22657.5,19571.5,20026.0,21956.5,22284.5,19025.0,18689.5,20011.5,18594.0,20013.5,12826.5,13288.0,18901.5,18987.5,22943.0,13385.0,13035.5,19658.0,17357.5,28535.0,21433.5,19989.5,22832.0,16518.0,19083.5,13510.0,32905.5,22885.0,24005.0
R_Klimt7.jpg_persistence.pkl,22163.5,20339.0,15543.5,16932.0,16652.0,23385.5,21613.5,24773.5,21864.0,21197.0,25202.0,21241.0,20130.5,20188.0,18509.5,21938.0,24203.5,22724.5,23090.5,19816.5,19860.5,18493.5,23064.0,19773.0,21433.5,24464.0,20243.0,24609.0,22962.5,21105.5,15500.0,20277.5,24600.0,19687.5,15057.5,14312.0,10633.5,0.0,11349.0,11624.5,35531.0,38928.0,22458.0,29637.0,28073.0,18027.5,15124.0,32322.0,23646.0,27707.0,18585.5,17324.5,19982.0,23404.0,21242.0,19996.5,18470.0,20332.0,16259.5,16404.5,27289.0,15434.5,20463.0,27183.5,23956.5,21430.5,23287.0,22189.5,32519.5,20368.0,17348.0,20406.5,17612.5,18509.0,20614.0,19949.5,16673.0,16573.5,19787.5,20181.5,19129.5,11289.5,10628.0,16823.0,19735.0,25374.0,16168.0,12707.5,17491.5,14915.0,29944.0,25112.5,22367.5,25609.0,18579.5,19938.0,10670.5,35900.0,25020.5,24332.5
R_Klimt8.jpg_persistence.pkl,13194.5,12026.5,9887.5,8929.0,12029.5,13981.5,12177.0,16465.0,12643.0,13244.5,15310.0,11740.5,11662.0,10706.0,10162.0,12918.5,14455.5,12760.0,13472.5,10303.0,10521.0,10005.5,13383.0,11437.5,12085.5,14606.0,11368.5,14817.5,13227.5,11538.5,11431.5,16265.5,16649.0,15980.5,21805.0,10698.5,13656.0,11349.0,0.0,11075.0,32675.0,41096.0,21085.5,24370.0,22529.0,11736.0,15042.5,27226.0,21314.0,27715.0,9775.5,8502.5,11052.5,13645.0,11608.5,10772.5,8713.5,11403.5,8602.0,9165.0,17365.5,7699.5,17115.5,18555.0,14274.5,14025.0,16461.0,13361.5,24475.0,11419.5,10096.5,11943.0,9601.0,10644.5,11855.0,11376.5,8592.0,8350.5,11228.0,12928.0,10034.5,5603.0,9291.0,12528.5,11843.0,16344.0,16275.0,8012.5,16326.0,7430.0,20018.0,18648.5,14385.5,17119.0,9963.0,11630.5,11898.5,27048.5,16992.5,18503.5
R_Klimt9.jpg_persistence.pkl,15152.0,14625.5,9923.5,10893.5,9356.0,17396.5,16287.0,18725.0,16370.0,13957.0,19478.0,15901.0,14612.5,14771.5,13990.0,16592.0,18653.0,17133.5,17313.5,14377.0,13908.0,13129.0,16860.0,14050.0,15827.0,18826.0,14566.5,18959.0,17463.0,15531.5,8222.5,10983.0,16587.0,12220.5,18500.0,8686.5,13163.5,11624.5,11075.0,0.0,27909.5,35499.5,16089.5,20295.0,18409.0,14253.0,15393.5,23940.5,16158.0,20186.0,12984.0,11995.0,14610.5,17735.5,15282.5,14248.0,12460.5,14272.5,10018.0,11846.5,21238.0,10999.5,11299.5,19011.5,17580.5,13448.0,14265.5,14425.0,23592.5,13868.5,11943.0,15626.0,12340.0,13207.5,16528.0,14992.5,12926.5,11729.0,14660.5,17209.0,13316.0,10224.5,12031.5,9958.5,12974.5,18446.0,14274.0,11800.0,12821.5,13021.5,23989.5,15985.5,14110.0,17173.5,12468.5,12315.5,9458.0,27712.5,16519.0,14782.5
R_Mithila1.jpg_persistence.pkl,30259.0,34890.0,35259.0,32506.0,34271.5,31388.5,36334.5,34760.0,36699.5,31690.0,35226.0,35363.5,36084.0,34637.5,36357.5,37158.5,36890.0,35138.0,34876.0,34263.0,33807.5,33501.0,30905.5,34960.0,35207.0,35359.0,34373.5,36777.0,36203.5,34751.0,31867.0,23105.0,23212.0,19642.5,40496.0,25242.0,31610.0,35531.0,32675.0,27909.5,0.0,21158.5,18800.5,13142.0,17646.5,30838.5,28553.5,16004.5,15018.0,19584.0,32924.0,31533.5,34842.5,32273.5,33246.5,32627.0,31119.0,32665.5,32455.0,35541.0,34387.5,28178.5,26196.5,26098.5,31862.5,25711.0,23382.5,27305.5,21020.5,31624.5,35039.0,37401.0,34559.5,35938.0,36965.0,36399.5,34399.5,33628.5,35106.0,35806.0,30437.5,31570.5,30793.0,30779.0,26070.5,30088.0,21409.5,31010.0,29388.5,35061.0,37309.0,24855.5,27949.5,25946.5,30997.5,25385.0,33587.0,26512.0,24063.0,24253.5
R_Mithila10.jpg_persistence.pkl,42432.5,46303.0,44051.5,43554.5,41067.0,44007.0,48686.0,47073.0,49552.0,43463.0,48567.5,48077.5,48266.0,46946.0,47574.5,49958.5,50029.0,48285.0,47642.5,46376.5,46185.5,44851.0,43694.0,46784.0,47911.5,48671.5,47144.5,50008.0,49367.0,47175.0,40419.5,32778.5,36306.5,30736.5,40763.0,33785.5,35120.0,38928.0,41096.0,35499.5,21158.5,0.0,27278.5,27499.0,28218.0,40496.5,33495.5,31986.0,25898.5,23322.0,44540.0,43265.5,46728.5,44921.5,46103.0,44634.0,42912.5,43933.0,43240.0,44988.5,47810.5,37554.0,30689.5,39345.5,44730.0,36396.5,34795.0,38760.0,36796.0,43412.0,45529.0,48865.5,45732.5,46892.0,49111.5,47944.5,44854.5,44518.5,46927.5,46048.0,41696.0,38430.5,36251.0,36323.0,36917.5,43074.5,27123.5,37039.5,29115.5,43868.5,50863.0,36433.5,40218.5,38275.5,42448.0,37924.0,37623.0,42814.0,34577.0,31997.0
R_Mithila2.jpg_persistence.pkl,22103.5,26142.5,24185.0,22780.0,23458.5,23570.5,26286.5,23323.5,27473.5,24522.0,25430.0,26080.5,26599.5,24850.0,26484.0,28079.5,26881.5,25609.0,24401.5,24542.0,24257.5,23978.0,21658.5,25296.5,25948.0,24891.5,25391.5,26155.0,26517.0,25160.5,20789.5,11019.5,15356.5,12047.5,27512.0,13797.0,18439.5,22458.0,21085.5,16089.5,18800.5,27278.5,0.0,17605.5,18248.0,17088.0,15842.0,15027.0,11279.5,20249.5,23173.5,21462.5,25439.0,20234.0,24197.0,23230.5,21044.5,24652.0,22503.5,24908.0,22845.5,16343.5,18991.0,16146.5,20022.5,16122.5,12114.0,18167.0,18218.0,22200.5,24658.0,27762.0,24471.0,25384.5,27200.5,26612.0,24460.0,23395.0,24935.5,24333.5,20952.5,19363.0,18773.0,21315.5,17610.5,17654.5,9987.5,18325.5,20243.5,24032.0,24378.0,13420.5,16528.0,16641.5,19825.0,15938.5,21772.5,21951.5,18155.5,18901.5
R_Mithila3.jpg_persistence.pkl,18967.0,24332.0,25138.0,22252.0,24356.0,20464.5,26040.5,26588.5,26660.5,20123.5,25809.5,25444.0,25561.5,24279.0,25562.0,27122.0,27768.0,25787.0,25209.5,24515.0,23997.0,23334.0,21240.5,24829.0,25235.5,26230.5,24372.5,27849.5,26680.5,24264.0,22199.0,16284.0,14998.5,13257.0,36720.0,19117.0,27319.0,29637.0,24370.0,20295.0,13142.0,27499.0,17605.5,0.0,8251.5,24813.0,27198.0,14585.5,10110.5,18206.0,22505.5,22245.0,24042.5,23696.0,23504.5,21649.5,21465.0,22212.5,22102.0,25243.0,25917.5,20447.5,15987.0,17677.0,23596.5,17096.5,16553.0,17477.5,13501.5,21331.0,24825.5,26806.5,24178.0,26066.0,27362.0,25632.5,25425.5,23674.5,26170.5,28146.0,20110.5,23241.5,23454.0,20455.5,16164.5,21749.5,17277.0,23025.0,19748.5,25074.5,28838.5,18134.0,20073.0,17268.0,22729.0,16207.5,24773.0,19530.0,13617.0,13283.5
R_Mithila4.jpeg_persistence.pkl,18132.5,21950.0,21568.5,19688.0,20049.0,19415.5,24656.5,24346.5,24915.0,18254.0,25219.0,23657.0,23604.5,22683.0,24041.5,25336.0,26369.5,24394.5,24172.5,22783.0,22210.5,20884.0,20420.5,22443.5,23514.5,25208.0,22515.5,26339.0,25387.0,22744.5,18669.5,14454.5,14573.5,12441.0,35158.5,17593.5,25652.0,28073.0,22529.0,18409.0,17646.5,28218.0,18248.0,8251.5,0.0,24017.0,25787.5,17713.5,11986.0,17907.5,20426.0,20261.0,22242.0,22988.0,21776.0,20059.5,19855.5,20019.0,19753.5,22556.5,25100.0,18318.0,11626.0,17144.5,22316.5,14703.0,13862.0,15944.5,13805.0,19159.5,21758.5,24919.5,22141.0,23830.5,25302.0,23894.0,24110.5,21737.5,24150.0,26176.5,18222.5,21432.0,21932.5,15634.0,14304.0,21182.0,16607.0,21569.5,15831.0,23279.0,28277.0,15689.0,17878.0,15718.0,20362.0,15400.0,21174.5,19851.5,11734.5,8580.5
R_Mithila5.jpg_persistence.pkl,17491.0,17260.0,15662.0,14347.0,17070.5,16801.5,16247.5,12450.5,16418.0,18226.0,15199.5,15205.0,15130.0,14990.0,16131.5,16907.5,14127.0,14010.0,14116.0,12925.5,14683.5,14184.0,14593.5,14608.5,15831.5,13212.5,14985.5,13248.0,15173.5,15893.5,16000.0,13701.0,16217.5,15511.0,27003.0,10804.5,16325.5,18027.5,11736.0,14253.0,30838.5,40496.5,17088.0,24813.0,24017.0,0.0,14748.0,23226.5,20916.5,30139.5,13886.5,10903.5,15841.0,11904.0,15364.5,14794.5,12367.5,16483.0,14196.0,16252.5,13555.0,9458.5,21083.0,13702.5,9727.0,14337.0,13192.5,15001.5,22034.5,14245.0,15083.0,17336.5,14622.0,15244.0,16665.0,16804.5,14377.5,14265.0,12882.5,11306.5,13382.0,11488.5,14269.0,18416.5,14517.5,11388.0,17464.5,10871.5,20890.0,14344.5,15210.0,13764.5,9814.0,14427.0,9483.5,12558.5,17830.0,23908.5,17806.5,21258.5
R_Mithila6.jpg_persistence.pkl,23957.5,23374.5,21087.0,20198.0,21877.5,23938.0,23840.0,20669.5,23771.0,24086.0,24181.5,22428.0,22591.5,22053.0,21881.5,23484.5,21960.0,22267.0,22641.0,20745.5,21751.5,20306.5,22696.5,21436.5,22881.0,22043.5,20979.5,22135.0,23181.0,23232.5,19217.5,16309.5,22844.5,15281.0,20463.5,12738.5,10629.5,15124.0,15042.5,15393.5,28553.5,33495.5,15842.0,27198.0,25787.5,14748.0,0.0,25957.0,19770.5,25721.0,20466.5,17106.5,22254.0,21592.5,22521.0,21458.0,19746.5,22684.5,20010.5,21042.5,22361.5,14128.5,22502.5,22647.5,20165.5,20325.0,18972.0,22216.0,28780.0,21185.0,21291.0,23311.0,20492.5,21107.5,22903.0,22764.0,19845.0,19562.5,19015.0,18572.5,20339.0,14807.0,15199.0,21113.5,19269.5,21224.0,13875.5,14626.0,20912.5,18204.0,25963.0,19201.0,18101.5,22662.0,16284.5,18824.0,18172.0,32223.5,23050.0,24630.0
R_Mithila7.jpeg_persistence.pkl,23157.0,27468.0,28790.0,25711.0,30362.5,23785.5,28332.0,23236.5,28584.5,25841.5,25120.5,27326.5,27522.0,26900.0,28955.5,29368.0,27434.5,26537.0,25224.0,25772.0,26001.0,25337.0,22819.0,26479.5,27261.5,25849.0,26605.5,26886.5,27558.0,26851.5,25225.5,16467.0,15483.5,16148.5,38669.5,21063.5,27164.5,32322.0,27226.0,23940.5,16004.5,31986.0,15027.0,14585.5,17713.5,23226.5,25957.0,0.0,15425.0,25165.5,25137.5,22662.0,27050.5,22026.0,25438.5,24914.0,23452.0,26610.5,25787.5,28167.0,23984.5,21624.5,25344.0,14971.0,20903.0,18792.5,14464.0,21264.0,13285.5,24117.5,27375.0,29897.0,26353.5,27438.0,28717.0,28664.0,28337.5,26190.5,25979.5,26847.0,22901.0,26918.5,27302.5,27936.0,19666.5,20198.0,18582.5,25544.0,29506.0,28964.0,25747.5,15634.0,20207.0,17930.0,21820.0,19410.0,29900.5,14297.5,19195.5,22170.0
R_Mithila8.jpeg_persistence.pkl,18974.5,23273.5,23229.0,21056.0,22392.0,20175.0,25420.0,25731.0,26053.0,20836.5,25373.5,24915.5,24661.0,23603.0,24127.5,26440.5,27345.5,25471.5,24921.5,23511.5,23416.0,21925.5,21183.0,23890.5,24769.5,25990.5,23643.5,27541.5,26459.0,23717.5,20215.5,14824.0,14026.5,11061.5,29916.0,14197.5,22228.5,23646.0,21314.0,16158.0,15018.0,25898.5,11279.5,10110.5,11986.0,20916.5,19770.5,15425.0,0.0,16972.0,21414.0,20902.0,23146.5,22776.0,23106.5,21191.0,20578.0,22002.0,20579.0,23467.5,25488.5,18197.5,15878.0,17597.5,22822.0,16131.5,15413.0,17779.0,16453.0,20847.0,23352.0,25523.5,22884.0,24631.5,26533.0,24539.5,22903.5,22228.0,24706.0,26289.5,19231.5,19914.0,19638.5,19585.5,14453.5,21081.5,12566.5,19586.5,18236.0,22647.5,28417.5,17745.5,18862.5,17960.0,21316.0,15534.5,21759.5,21564.5,15398.5,14872.5
R_Mithila9.jpg_persistence.pkl,27049.5,28839.5,26976.5,25804.5,24072.0,30243.0,31609.0,33517.5,31618.5,25779.0,34528.5,31110.0,30114.0,29921.0,29992.0,31868.0,34340.0,32490.0,32654.5,29936.0,28997.0,28229.0,30110.0,29639.5,30960.0,33832.0,29259.5,34452.5,32911.0,30356.0,23967.5,21864.5,26953.5,18148.5,31516.5,21471.5,26969.5,27707.0,27715.0,20186.0,19584.0,23322.0,20249.5,18206.0,17907.5,30139.5,25721.0,25165.5,16972.0,0.0,27962.5,27627.5,29650.5,32714.5,29382.0,28381.0,27409.0,27793.5,25556.5,28733.0,35097.5,26409.5,16496.5,29358.5,31892.5,25116.0,24836.0,25551.0,28608.5,27900.0,27875.0,31220.0,28085.0,29413.0,32250.5,30468.5,28907.5,27451.5,30786.5,33340.0,27663.0,26725.0,26364.0,21036.0,25420.0,31967.0,21521.0,27506.5,17218.0,29375.0,38420.5,26215.5,27100.5,27558.5,28106.0,24742.0,25251.0,34776.0,23331.5,16937.5
R_Raja1.jpg_persistence.pkl,5995.0,4750.0,7466.5,4524.0,11397.0,5950.5,5224.5,13615.0,5650.5,6098.0,7543.0,4720.0,4392.0,3736.5,5235.5,6126.5,7604.5,5712.0,5650.0,4430.0,3851.5,3157.0,5763.0,3970.0,4737.5,7292.0,4048.5,8004.0,6108.5,4108.0,10936.0,16797.0,14128.0,16344.5,27517.5,12289.5,19831.5,18585.5,9775.5,12984.0,32924.0,44540.0,23173.5,22505.5,20426.0,13886.5,20466.5,25137.5,21414.0,27962.5,0.0,5743.0,3471.5,7006.5,3809.5,3571.0,4326.5,5128.5,4921.0,5345.0,10666.0,9974.5,17788.5,13583.5,8793.5,10206.5,15217.5,8536.0,20585.0,3969.0,4782.0,5864.0,4022.0,5262.5,6339.5,4902.5,6848.0,5089.5,6227.5,11240.5,4159.5,10645.0,15291.0,13721.5,10051.5,12313.0,21305.5,10970.5,20427.0,7467.0,13402.5,17412.0,11924.0,11483.0,7860.0,9331.5,15614.0,21905.5,12339.5,16053.0
R_Raja10.jpg_persistence.pkl,9893.0,8674.0,9634.0,6697.0,12811.5,9330.5,8689.0,10273.5,8435.5,9934.0,9219.0,7328.5,7117.5,7120.5,7664.0,9005.0,8703.5,7706.5,7576.5,5462.0,6711.5,5589.0,8256.5,6239.5,7729.5,8676.0,6938.5,8844.0,8286.5,8045.0,10622.5,14551.5,13769.5,14151.0,26459.0,10738.5,16615.5,17324.5,8502.5,11995.0,31533.5,43265.5,21462.5,22245.0,20261.0,10903.5,17106.5,22662.0,20902.0,27627.5,5743.0,0.0,7260.5,7970.5,7431.5,6807.0,5494.0,8385.5,6899.0,8284.5,11250.0,7745.0,17783.0,12261.0,7779.5,10233.0,13154.5,10101.5,19934.5,6595.5,7550.5,8874.0,6065.5,7215.5,8038.5,8348.0,7760.0,6526.0,6307.5,8210.5,6435.5,9791.5,14014.5,14559.0,10179.5,11157.5,19382.0,10435.0,20333.0,8705.0,13960.5,15236.0,10270.0,11555.5,5074.5,8906.0,15057.5,21864.0,12485.0,16598.0
R_Raja2.jpg_persistence.pkl,6535.0,3547.0,8202.0,5452.5,12044.0,5233.5,3273.0,14418.0,3465.5,6258.0,6101.0,2976.0,3544.5,2639.5,3839.0,3710.0,6370.5,4379.5,4515.0,4858.0,3698.5,4022.0,5589.5,3273.5,2721.0,6369.5,3276.5,6826.0,4498.5,2103.0,12440.0,19238.0,16091.0,18447.0,28907.0,14565.0,21864.5,19982.0,11052.5,14610.5,34842.5,46728.5,25439.0,24042.5,22242.0,15841.0,22254.0,27050.5,23146.5,29650.5,3471.5,7260.5,0.0,7230.0,3306.0,3567.0,5663.0,5229.5,5978.0,5926.0,10933.5,12087.0,19357.0,15324.5,10560.0,12355.5,17613.0,10340.0,22032.0,4805.0,4946.0,3844.5,3552.5,4618.5,4537.0,2713.0,6361.0,5154.0,6186.5,11879.5,5802.0,12407.0,17361.0,15373.5,11646.0,13996.0,23584.0,13180.5,22146.0,7309.5,13895.5,19826.0,14253.5,13465.0,9877.5,11198.5,17301.5,22902.0,13985.5,17815.5
R_Raja3.jpg_persistence.pkl,9734.5,9459.5,13098.0,10109.5,16832.0,7090.5,7852.5,12267.0,8652.0,11543.5,6416.5,7239.5,8430.5,6786.0,9052.0,9148.0,7750.0,6545.0,5468.5,7271.5,7466.5,7280.0,5296.0,7258.0,7478.0,6055.5,7712.0,7136.5,7433.0,7238.5,16103.5,15527.0,12602.5,18139.5,32132.5,15055.0,22490.5,23404.0,13645.0,17735.5,32273.5,44921.5,20234.0,23696.0,22988.0,11904.0,21592.5,22026.0,22776.0,32714.5,7006.5,7970.5,7230.0,0.0,7202.5,6939.0,7067.0,9695.5,10502.5,10950.5,6692.5,10576.0,21860.5,10395.5,6234.0,10015.5,13129.5,8747.0,17485.0,7169.0,9927.5,9490.0,7991.5,8819.0,8872.5,8698.0,10837.5,9215.0,8348.0,10704.5,6809.5,14152.5,18405.5,18578.0,11792.0,8767.0,21411.0,12848.0,24679.5,11102.0,8891.0,14639.0,10556.0,9229.0,8486.0,9700.5,20274.0,18262.5,12987.5,19704.5
R_Raja4.jpg_persistence.pkl,5886.5,4282.5,9327.5,6035.0,13477.0,4902.0,4157.0,14247.5,4117.0,6184.5,5979.5,3311.5,4663.0,3330.5,5861.5,4561.0,6580.5,4159.5,4545.0,5226.0,3114.0,4469.5,4234.0,4129.0,3137.0,6099.0,3356.5,6426.5,4218.0,2964.5,12853.0,17745.0,14921.0,17569.0,30051.0,14177.5,22304.0,21242.0,11608.5,15282.5,33246.5,46103.0,24197.0,23504.5,21776.0,15364.5,22521.0,25438.5,23106.5,29382.0,3809.5,7431.5,3306.0,7202.5,0.0,3926.0,4759.0,4955.0,6845.5,6649.5,9966.5,11708.0,19546.5,13570.5,9385.0,11087.5,16047.5,9099.5,20129.5,4072.5,6157.0,5532.0,5117.0,5988.5,5240.5,4677.0,7957.0,6251.5,6743.0,12355.5,5626.5,12513.5,16849.5,15535.0,11638.5,12612.0,22808.0,12871.0,22510.5,8750.0,13108.5,18349.0,12511.5,11687.0,9241.5,9827.0,17225.5,20976.5,12986.5,17523.0
R_Raja5.jpeg_persistence.pkl,4920.0,5660.0,8694.0,5799.5,12534.0,4289.0,5512.5,13956.5,5511.5,6146.5,7116.0,4494.5,5248.0,4293.5,6018.5,5901.5,7784.0,5241.5,5162.0,5551.0,4473.0,4587.5,4510.0,4447.5,4415.5,6345.5,3967.5,7706.5,6030.0,3776.5,11560.0,17107.5,13879.5,16725.0,28987.0,12939.0,21178.5,19996.5,10772.5,14248.0,32627.0,44634.0,23230.5,21649.5,20059.5,14794.5,21458.0,24914.0,21191.0,28381.0,3571.0,6807.0,3567.0,6939.0,3926.0,0.0,4530.0,6448.0,6142.0,7198.0,9518.5,10619.0,17952.0,13051.0,8744.0,10084.5,15440.5,7924.5,19499.0,3477.5,6185.0,6356.0,4932.0,6656.0,7014.0,5042.5,8291.0,5810.0,7512.0,12248.5,4218.0,11410.5,15953.0,14271.5,9833.0,11971.5,21727.5,11603.5,20684.0,7245.0,12445.0,17431.0,12198.5,11179.0,8722.0,9080.0,16604.0,20530.0,11807.0,15645.0
R_Raja6.jpg_persistence.pkl,6838.0,6593.0,7804.5,4917.0,11431.5,6849.0,6657.5,12686.0,7094.0,7445.0,8618.0,5843.5,6481.0,5216.5,6575.0,7606.5,8393.0,6220.0,6793.0,4901.0,4425.5,4923.5,5594.5,5891.5,6027.5,7623.0,5527.0,8363.5,7098.5,5556.5,10427.0,14836.5,12452.0,15079.5,27267.0,11130.0,19239.0,18470.0,8713.5,12460.5,31119.0,42912.5,21044.5,21465.0,19855.5,12367.5,19746.5,23452.0,20578.0,27409.0,4326.5,5494.0,5663.0,7067.0,4759.0,4530.0,0.0,6079.5,4989.0,6413.0,10143.5,8490.0,17015.5,12308.0,8102.5,8792.5,13239.0,7261.5,18995.5,4329.0,6116.0,7619.5,5125.0,6427.5,7820.5,6575.5,7409.5,5522.5,6950.0,10972.5,4267.0,9084.0,13603.0,13173.0,8932.5,11017.0,19573.5,9750.0,19635.5,7769.0,13093.5,15445.0,10236.0,10681.0,6676.5,7748.0,14788.5,20295.5,11113.0,15318.0
R_Raja7.jpg_persistence.pkl,6664.0,4802.5,9156.5,5655.0,12178.5,6852.5,6711.0,16366.0,7244.5,5557.5,9426.5,6726.0,6767.0,5271.0,6150.5,7574.5,9906.0,8243.5,8332.5,6850.5,5303.0,5561.5,7177.5,6453.5,6446.5,10237.0,6066.5,10438.5,8140.0,5732.5,12987.0,18449.0,14465.5,16830.5,29297.0,13535.5,21874.5,20332.0,11403.5,14272.5,32665.5,43933.0,24652.0,22212.5,20019.0,16483.0,22684.5,26610.5,22002.0,27793.5,5128.5,8385.5,5229.5,9695.5,4955.0,6448.0,6079.5,0.0,6162.0,5906.0,13603.5,11898.0,17222.5,15058.0,12373.0,11610.0,16921.0,8691.5,20687.5,6228.5,7055.5,6673.5,6404.5,7051.0,7605.0,6155.5,7567.5,7417.5,8605.0,13020.5,6427.5,11911.0,15774.5,13058.0,10323.0,14517.0,21888.0,12936.5,20046.5,8662.5,16696.5,19610.5,13548.5,12404.5,10517.5,10527.5,15929.0,22419.0,12244.5,16063.0
R_Raja8.jpg_persistence.pkl,7385.5,5583.0,4858.5,2968.0,7942.5,9132.0,7682.5,15017.0,7710.5,6010.5,11521.5,7603.5,6356.5,6220.5,5717.0,7880.0,10779.0,9197.5,9523.5,6709.5,5532.5,5538.0,8947.5,6298.0,7452.5,11034.0,6102.0,11173.5,9231.5,6734.0,8527.0,16097.5,13941.0,15666.0,24771.5,11344.0,18531.5,16259.5,8602.0,10018.0,32455.0,43240.0,22503.5,22102.0,19753.5,14196.0,20010.5,25787.5,20579.0,25556.5,4921.0,6899.0,5978.0,10502.5,6845.5,6142.0,4989.0,6162.0,0.0,4700.5,13917.0,9769.0,15064.0,14940.5,11370.0,10282.5,14968.5,8891.5,21192.5,6251.5,4754.5,6874.0,5134.5,6025.5,8447.0,6429.0,6275.0,5481.0,8440.5,12659.0,5641.5,9176.0,13906.5,10512.5,9523.5,13862.5,20329.5,10794.5,17971.0,7250.5,16902.5,17422.5,11871.5,12852.0,8724.0,9303.0,12779.0,23309.0,12996.0,14992.5
R_Raja9.jpg_persistence.pkl,8451.5,5444.0,5920.5,4790.5,10382.0,9094.0,7549.5,16793.0,7749.5,7609.5,11475.0,7571.5,6514.0,6399.5,5738.5,7942.0,10895.5,9200.0,9616.5,7346.0,5677.0,5511.0,9025.5,6561.0,7451.0,11287.5,6544.0,11227.0,9138.5,6733.0,10455.0,18371.5,16527.0,18378.0,25739.5,13599.5,18636.5,16404.5,9165.0,11846.5,35541.0,44988.5,24908.0,25243.0,22556.5,16252.5,21042.5,28167.0,23467.5,28733.0,5345.0,8284.5,5926.0,10950.5,6649.5,7198.0,6413.0,5906.0,4700.5,0.0,14825.0,10885.0,16960.5,17048.5,12789.0,12125.5,17195.0,10750.0,23831.0,7059.0,5317.0,6449.0,5683.5,6006.0,7621.0,6316.5,7051.0,6005.0,8534.5,12911.5,6912.0,10233.0,14376.5,12002.0,11429.0,16038.5,21154.0,11812.5,19284.0,8027.0,17862.5,19944.0,14628.5,14733.0,10072.0,12117.0,13769.5,25325.5,14951.0,17219.0
R_Ren1.jpg_persistence.pkl,12127.0,13151.0,16516.0,13470.5,20417.0,9911.0,11727.5,13448.0,11159.0,14171.5,9831.0,10152.5,12036.5,10565.0,13339.0,11533.0,8587.0,8753.5,9201.5,10946.5,10711.5,11340.5,7929.0,11083.5,10724.5,6561.5,9695.5,7571.0,9850.5,10521.5,18729.0,17140.0,15317.0,20375.0,36080.5,18068.0,25971.5,27289.0,17365.5,21238.0,34387.5,47810.5,22845.5,25917.5,25100.0,13555.0,22361.5,23984.5,25488.5,35097.5,10666.0,11250.0,10933.5,6692.5,9966.5,9518.5,10143.5,13603.5,13917.0,14825.0,0.0,13619.5,24554.5,11661.0,6360.5,12350.0,14632.5,11563.5,19159.5,10017.5,13770.5,13279.0,12001.0,13160.5,12801.0,12690.5,15383.5,13084.0,10872.5,14037.0,10326.5,17694.5,21590.5,21442.5,14728.0,8569.0,24360.0,16166.0,27694.0,14858.0,7432.5,14067.0,10440.5,11146.5,10902.0,12259.0,23720.0,19314.0,15294.5,21786.5
R_Ren10.jpg_persistence.pkl,12476.0,13176.0,11647.0,9995.5,13718.0,12521.0,13610.5,13581.5,14224.5,13279.5,14130.5,12682.5,13122.0,11945.5,12443.5,14636.0,14126.5,12682.5,12096.5,11039.0,11437.0,10364.5,10704.5,11740.0,12815.0,13160.0,12188.0,13979.0,13785.0,12596.5,10638.5,11374.5,11600.0,12138.0,24747.0,7886.0,13687.5,15434.5,7699.5,10999.5,28178.5,37554.0,16343.5,20447.5,18318.0,9458.5,14128.5,21624.5,18197.5,26409.5,9974.5,7745.0,12087.0,10576.0,11708.0,10619.0,8490.0,11898.0,9769.0,10885.0,13619.5,0.0,15344.0,12542.5,10236.5,8861.5,10553.5,10082.0,18596.0,9846.0,11593.0,13854.0,10947.0,11785.5,13154.5,12998.0,10873.0,10168.0,11438.0,11096.0,8851.0,8171.0,10171.0,12788.5,8373.5,11071.5,13320.5,7862.5,16899.0,10398.0,16495.0,12952.0,9208.0,11128.0,7052.5,7876.5,13013.0,21257.5,11630.5,15276.0
R_Ren2.jpg_persistence.pkl,16294.5,18240.0,15029.0,15661.5,12132.0,19033.5,21652.0,24472.0,21855.0,15449.0,24138.0,21337.0,20397.5,19812.0,19620.0,22172.5,24462.0,22562.0,22614.0,19907.5,19281.5,18000.5,19627.0,19796.0,21170.0,23777.5,19470.5,24622.5,23232.5,20091.0,12131.0,13527.0,15655.5,12867.5,26920.5,14219.5,21306.5,20463.0,17115.5,11299.5,26196.5,30689.5,18991.0,15987.0,11626.0,21083.0,22502.5,25344.0,15878.0,16496.5,17788.5,17783.0,19357.0,21860.5,19546.5,17952.0,17015.5,17222.5,15064.0,16960.5,24554.5,15344.0,0.0,18536.5,21262.0,13340.0,15125.5,14312.0,19195.5,17583.0,17285.5,20827.5,18202.5,19372.5,22616.0,20120.5,19543.0,17129.5,20836.0,23879.0,16505.5,16157.0,17039.0,7712.0,13110.0,21016.0,16824.0,16843.0,7590.0,18403.0,27899.5,18493.0,16420.0,16448.5,17869.0,14006.5,13007.5,25691.5,12502.0,7234.5
R_Ren3.jpg_persistence.pkl,11219.5,16191.5,18215.0,14623.0,20554.0,12342.0,16508.0,12812.5,16662.0,13820.0,13378.5,15394.0,15565.5,15272.0,17537.0,17338.5,15131.0,14461.5,13339.0,14231.5,14209.0,13996.0,10880.0,14648.5,15338.5,13625.0,14450.5,14457.0,15469.0,15043.0,16719.5,12494.0,9103.5,13865.5,35572.0,14877.0,23154.5,27183.5,18555.0,19011.5,26098.5,39345.5,16146.5,17677.0,17144.5,13702.5,22647.5,14971.0,17597.5,29358.5,13583.5,12261.0,15324.5,10395.5,13570.5,13051.0,12308.0,15058.0,14940.5,17048.5,11661.0,12542.5,18536.5,0.0,8639.0,8213.0,7921.0,9624.5,11331.5,12060.0,16420.5,18029.5,15598.5,16830.5,17066.5,16960.5,18565.5,15801.0,14956.0,15383.0,11653.5,17722.5,19260.0,18202.0,10096.5,8295.5,17440.0,16390.0,23008.0,18005.5,13813.5,10482.0,8773.0,6265.0,11021.0,8916.0,21223.5,12535.5,9114.5,15691.0
R_Ren4.jpg_persistence.pkl,10954.5,12055.5,13878.5,11008.5,17529.5,9766.0,11444.5,9842.0,11067.0,12732.5,8759.0,10216.5,10453.0,10274.5,12731.0,11916.0,8553.5,8914.5,8606.0,8810.5,9579.5,9376.0,7658.5,9798.0,10517.5,7428.0,9485.5,7994.0,9783.0,10396.5,15328.5,13760.0,12902.5,17262.5,32649.0,14481.0,21733.0,23956.5,14274.5,17580.5,31862.5,44730.0,20022.5,23596.5,22316.5,9727.0,20165.5,20903.0,22822.0,31892.5,8793.5,7779.5,10560.0,6234.0,9385.0,8744.0,8102.5,12373.0,11370.0,12789.0,6360.5,10236.5,21262.0,8639.0,0.0,9574.5,11345.5,9585.5,17507.5,8468.5,11438.5,13066.0,10300.0,11396.5,12145.0,12098.0,13577.5,10676.0,8864.0,10758.0,8006.5,14629.0,18412.5,18578.0,11857.0,7859.0,21170.5,13085.5,24412.5,13584.0,9230.0,11843.5,7296.5,8845.5,6362.5,9741.0,20281.0,18340.5,12751.0,18549.0
R_Ren5.jpg_persistence.pkl,8649.5,12664.5,11792.5,9762.0,13355.0,10058.0,13744.0,16290.0,14487.0,10474.0,13208.0,12930.0,13479.5,12318.0,14333.5,14876.0,14669.0,12796.5,12088.0,11846.0,11208.5,10776.0,8758.0,11982.0,12817.0,12990.5,12026.0,14339.0,13863.0,12425.5,10947.5,10058.5,7447.5,12239.0,29690.0,10852.0,20351.5,21430.5,14025.0,13448.0,25711.0,36396.5,16122.5,17096.5,14703.0,14337.0,20325.0,18792.5,16131.5,25116.0,10206.5,10233.0,12355.5,10015.5,11087.5,10084.5,8792.5,11610.0,10282.5,12125.5,12350.0,8861.5,13340.0,8213.0,9574.5,0.0,7980.0,5897.5,13657.0,8796.5,11135.5,14840.0,12081.0,13029.5,14523.5,13725.5,14776.0,11875.0,13384.0,16096.5,7840.5,12757.0,14183.0,11342.0,6974.0,10529.5,14291.0,11907.5,17301.0,14341.5,15417.5,11137.5,7539.5,6448.0,9667.0,6092.5,15412.5,16562.0,6764.0,10996.5
R_Ren6.jpg_persistence.pkl,14843.5,18081.5,16402.5,14981.5,17693.0,15739.0,18764.0,14451.0,19069.5,16497.5,17325.0,17731.5,18240.5,17290.0,19034.0,19666.5,17868.0,16960.0,16431.0,15963.5,16192.0,15664.0,14192.5,16806.5,17800.5,16357.5,16776.0,17221.0,18140.5,17553.0,13580.0,7411.5,9564.0,10381.0,31114.0,12235.5,19707.5,23287.0,16461.0,14265.5,23382.5,34795.0,12114.0,16553.0,13862.0,13192.5,18972.0,14464.0,15413.0,24836.0,15217.5,13154.5,17613.0,13129.5,16047.5,15440.5,13239.0,16921.0,14968.5,17195.0,14632.5,10553.5,15125.5,7921.0,11345.5,7980.0,0.0,11012.0,12425.5,14122.0,16375.0,19793.0,16577.0,17308.0,19252.0,18795.5,18721.0,15902.0,16360.0,17410.5,13102.0,15584.5,16567.0,15800.5,10918.0,10613.0,12482.5,14791.0,19189.0,18445.5,17134.5,6626.0,8354.0,8453.0,11157.5,9575.5,17801.5,15425.0,10876.5,13080.0
R_Ren7.jpg_persistence.pkl,6144.0,10655.0,11568.0,8590.0,13727.5,8354.0,11401.0,16920.5,12481.5,7778.0,11603.0,11224.5,11718.0,9898.5,12187.0,13080.0,13044.5,11178.5,10498.0,10494.0,9377.0,9594.5,6881.0,10807.5,11046.5,11147.0,10472.5,12908.5,11888.0,10041.0,12071.5,12781.5,8748.0,13209.0,30783.0,11551.0,21982.5,22189.5,13361.5,14425.0,27305.5,38760.0,18167.0,17477.5,15944.5,15001.5,22216.0,21264.0,17779.0,25551.0,8536.0,10101.5,10340.0,8747.0,9099.5,7924.5,7261.5,8691.5,8891.5,10750.0,11563.5,10082.0,14312.0,9624.5,9585.5,5897.5,11012.0,0.0,14549.0,7316.5,10929.0,12726.5,10679.0,11992.5,13091.5,11689.5,13070.0,10669.0,12490.5,15841.0,6469.0,12344.0,14482.0,11475.5,7732.5,10542.5,17135.0,11677.5,17828.5,12079.0,14408.0,13310.5,8622.0,6399.0,10011.0,5874.5,16298.5,17302.5,7350.5,12019.5
R_Ren8.jpg_persistence.pkl,16528.0,22602.0,24350.5,20801.0,24874.0,18060.0,23163.0,22273.5,23632.5,18403.5,20576.0,22190.5,23137.5,21834.0,24283.5,24110.5,23368.0,21715.5,20624.5,21965.5,20951.0,21035.5,17114.0,22060.5,21936.5,21129.0,21276.5,22612.5,22597.5,21556.5,22093.0,16289.5,9122.5,16078.0,40564.5,20592.5,29583.5,32519.5,24475.0,23592.5,21020.5,36796.0,18218.0,13501.5,13805.0,22034.5,28780.0,13285.5,16453.0,28608.5,20585.0,19934.5,22032.0,17485.0,20129.5,19499.0,18995.5,20687.5,21192.5,23831.0,19159.5,18596.0,19195.5,11331.5,17507.5,13657.0,12425.5,14549.0,0.0,18617.5,23195.5,24866.5,22533.0,24039.0,24081.0,23783.0,24998.5,22482.5,23480.0,24937.5,18252.5,23408.0,24277.0,21334.0,14757.5,15229.5,19960.0,22568.5,24165.5,24348.0,20345.0,14313.5,15837.5,12140.0,19412.0,13745.0,25749.0,9909.5,11606.5,15431.5
R_Ren9.jpeg_persistence.pkl,5225.5,6345.0,9071.5,5678.5,12714.5,5094.0,6585.5,13830.5,6615.5,5948.5,7597.5,5252.0,5913.0,5471.5,7330.5,6958.5,8392.5,5736.5,5712.5,6103.5,4675.5,4736.0,4220.5,4644.5,5199.5,6977.0,4726.5,7855.5,6759.0,5056.5,11763.5,15775.5,13074.0,15689.0,29063.0,11761.5,20679.5,20368.0,11419.5,13868.5,31624.5,43412.0,22200.5,21331.0,19159.5,14245.0,21185.0,24117.5,20847.0,27900.0,3969.0,6595.5,4805.0,7169.0,4072.5,3477.5,4329.0,6228.5,6251.5,7059.0,10017.5,9846.0,17583.0,12060.0,8468.5,8796.5,14122.0,7316.5,18617.5,0.0,6563.5,7489.5,6011.0,7347.0,7513.0,6306.0,9124.0,6904.0,8032.5,12138.0,4254.0,11015.0,15212.5,14117.5,9640.0,11615.5,20509.0,11240.5,20486.5,9240.0,12969.0,16283.5,10829.0,9703.5,8109.5,8300.0,16094.5,19928.0,10667.5,15152.5
R_Robert1.jpg_persistence.pkl,8722.5,5633.0,5044.0,4113.5,8257.5,9002.0,5598.0,14623.0,5880.0,7577.5,9761.5,5573.0,4394.5,5179.5,4881.0,5685.0,8676.0,7206.0,7794.5,5743.0,4825.5,5102.0,9041.0,4562.5,5486.5,9587.5,5585.0,9144.5,6818.5,5733.0,9373.0,17625.5,16125.5,18333.0,25351.0,13629.0,19884.5,17348.0,10096.5,11943.0,35039.0,45529.0,24658.0,24825.5,21758.5,15083.0,21291.0,27375.0,23352.0,27875.0,4782.0,7550.5,4946.0,9927.5,6157.0,6185.0,6116.0,7055.5,4754.5,5317.0,13770.5,11593.0,17285.5,16420.5,11438.5,11135.5,16375.0,10929.0,23195.5,6563.5,0.0,5849.0,3893.0,4007.5,6199.0,5237.5,5946.0,5298.0,7110.0,12792.0,6538.5,11362.0,16517.5,12878.5,12118.5,15573.5,22891.5,12575.5,20534.0,8886.0,16189.0,18670.0,13709.5,14240.0,9136.0,11812.5,14728.5,24880.5,14891.5,16432.0
R_Robert10.jpg_persistence.pkl,9229.0,4661.0,8106.0,6551.5,11256.0,7931.5,3441.5,16081.5,3595.5,8323.0,7842.5,4100.0,4803.0,4453.0,3119.0,3109.5,7633.5,5904.0,6586.5,6504.0,5122.0,5639.5,8426.0,4778.0,3971.5,8370.0,5256.5,7808.0,5194.5,4306.5,13871.0,21379.0,18749.5,20508.5,29009.5,16464.0,22657.5,20406.5,11943.0,15626.0,37401.0,48865.5,27762.0,26806.5,24919.5,17336.5,23311.0,29897.0,25523.5,31220.0,5864.0,8874.0,3844.5,9490.0,5532.0,6356.0,7619.5,6673.5,6874.0,6449.0,13279.0,13854.0,20827.5,18029.5,13066.0,14840.0,19793.0,12726.5,24866.5,7489.5,5849.0,0.0,4971.5,4363.0,4870.5,2915.5,6119.5,6179.5,7403.0,13192.5,8506.0,13533.0,18530.0,16128.5,13902.0,16325.5,25431.0,14864.5,23493.0,8421.0,16470.5,21749.5,16533.5,15973.0,11497.0,13667.0,18078.5,25824.0,16465.5,20409.5
R_Robert2.jpg_persistence.pkl,8244.0,4714.0,7056.0,4955.0,10548.0,7398.0,4689.0,12774.5,4830.0,7568.0,8412.5,4323.0,3547.5,3934.5,3815.5,4922.0,7433.5,5906.0,6309.0,4374.5,3993.5,4047.0,7609.5,3629.0,4570.5,7877.5,4411.5,7777.5,5927.0,4421.0,10293.5,17986.0,15983.5,17472.5,26180.0,13389.5,19571.5,17612.5,9601.0,12340.0,34559.5,45732.5,24471.0,24178.0,22141.0,14622.0,20492.5,26353.5,22884.0,28085.0,4022.0,6065.5,3552.5,7991.5,5117.0,4932.0,5125.0,6404.5,5134.5,5683.5,12001.0,10947.0,18202.5,15598.5,10300.0,12081.0,16577.0,10679.0,22533.0,6011.0,3893.0,4971.5,0.0,3047.0,5549.5,4077.5,4928.5,3709.0,4937.5,10348.0,6251.5,11478.5,16293.0,14131.0,11357.5,14177.0,22540.5,12354.0,21368.5,7072.0,14633.0,18703.0,13920.0,14080.0,8244.0,11338.0,15584.5,23689.5,14051.0,17437.0
R_Robert3.jpg_persistence.pkl,9842.0,5347.0,6956.0,5586.0,10173.0,8925.5,4442.5,13727.0,4860.0,8790.0,8405.0,4719.5,3973.5,4666.0,3862.0,4500.5,7268.5,6309.0,6572.0,5122.0,4617.5,5005.0,8897.5,4180.0,4851.0,8586.5,5453.0,7956.0,5706.5,5311.0,11590.0,18761.5,17414.0,18568.0,26793.0,14482.5,20026.0,18509.0,10644.5,13207.5,35938.0,46892.0,25384.5,26066.0,23830.5,15244.0,21107.5,27438.0,24631.5,29413.0,5262.5,7215.5,4618.5,8819.0,5988.5,6656.0,6427.5,7051.0,6025.5,6006.0,13160.5,11785.5,19372.5,16830.5,11396.5,13029.5,17308.0,11992.5,24039.0,7347.0,4007.5,4363.0,3047.0,0.0,4865.0,4203.5,5054.0,4757.5,5305.0,11038.5,7825.0,12471.5,17242.5,15087.5,12844.5,15365.5,23365.0,13218.5,22664.0,8357.5,15814.0,19462.0,14713.5,15142.0,8843.0,12816.5,16533.0,25314.0,15484.5,18952.0
R_Robert4.jpg_persistence.pkl,10112.0,6169.0,10045.0,7560.5,13131.5,8612.0,4155.0,14912.5,4567.5,9727.5,7620.5,4121.0,4980.5,5044.0,5149.5,3986.5,6752.0,5294.0,5993.0,6569.5,4906.0,6281.0,8004.5,4718.5,3850.0,7919.5,5434.0,7099.0,4774.5,5085.5,14906.0,20736.5,18807.5,20301.5,30198.0,16750.5,21956.5,20614.0,11855.0,16528.0,36965.0,49111.5,27200.5,27362.0,25302.0,16665.0,22903.0,28717.0,26533.0,32250.5,6339.5,8038.5,4537.0,8872.5,5240.5,7014.0,7820.5,7605.0,8447.0,7621.0,12801.0,13154.5,22616.0,17066.5,12145.0,14523.5,19252.0,13091.5,24081.0,7513.0,6199.0,4870.5,5549.5,4865.0,0.0,4764.5,6804.0,7527.0,7098.5,11850.5,8738.0,13803.5,18345.0,18134.0,15048.0,15760.5,25007.0,15234.0,24994.5,10120.0,15558.0,21228.5,15832.5,15402.5,10939.0,13537.0,19669.5,24943.0,16517.0,21125.5
R_Robert5.jpg_persistence.pkl,8106.0,4134.5,7935.5,5985.0,11136.0,6956.5,3216.0,15438.5,3480.0,7365.0,7299.0,3678.5,4153.5,3591.0,3047.0,3436.0,7161.5,5266.5,5700.5,5610.0,4334.0,5068.5,7392.0,3903.0,3147.0,7652.5,4463.5,7503.0,4934.0,3371.0,13125.5,20472.5,17615.0,19718.5,28549.0,15578.0,22284.5,19949.5,11376.5,14992.5,36399.5,47944.5,26612.0,25632.5,23894.0,16804.5,22764.0,28664.0,24539.5,30468.5,4902.5,8348.0,2713.0,8698.0,4677.0,5042.5,6575.5,6155.5,6429.0,6316.5,12690.5,12998.0,20120.5,16960.5,12098.0,13725.5,18795.5,11689.5,23783.0,6306.0,5237.5,2915.5,4077.5,4203.5,4764.5,0.0,5773.0,5268.0,6661.5,12812.5,7461.5,13013.0,17954.5,15684.5,12889.5,15485.0,24625.0,13957.5,22779.5,7406.0,15596.5,20885.5,15688.0,14971.0,10676.5,12763.0,17559.5,24697.0,15138.5,19268.5
R_Robert6.jpg_persistence.pkl,11096.5,6888.0,8212.0,6563.0,10869.5,10966.5,6508.0,15326.5,7229.5,9922.5,11136.0,7219.5,6412.5,6174.0,4647.5,6811.5,9907.5,8923.5,9442.5,6891.0,6650.0,6677.5,10904.5,6572.5,7000.5,11233.5,7337.5,10873.0,8332.5,7180.5,12482.0,19418.5,17917.5,17781.5,25755.0,13102.0,19025.0,16673.0,8592.0,12926.5,34399.5,44854.5,24460.0,25425.5,24110.5,14377.5,19845.0,28337.5,22903.5,28907.5,6848.0,7760.0,6361.0,10837.5,7957.0,8291.0,7409.5,7567.5,6275.0,7051.0,15383.5,10873.0,19543.0,18565.5,13577.5,14776.0,18721.0,13070.0,24998.5,9124.0,5946.0,6119.5,4928.5,5054.0,6804.0,5773.0,0.0,5240.5,7047.5,10890.5,8724.0,10798.5,14876.5,14826.0,12841.5,15901.5,21632.5,12208.5,20889.0,7714.5,17959.0,20488.0,15776.0,16968.5,10305.5,12613.5,16268.0,26730.0,16847.5,20002.0
R_Robert7.jpg_persistence.pkl,8963.0,6153.5,6935.5,5579.0,10527.0,8905.5,6315.0,13623.0,6506.0,8343.0,10020.5,6152.5,5881.5,5082.5,5201.0,6776.0,9159.5,7574.0,8089.0,5570.0,5168.0,5377.5,8787.0,5520.5,6186.5,9403.5,5616.5,9710.5,7713.0,5677.5,9907.0,17011.5,15857.5,16876.5,25192.5,12655.5,18689.5,16573.5,8350.5,11729.0,33628.5,44518.5,23395.0,23674.5,21737.5,14265.0,19562.5,26190.5,22228.0,27451.5,5089.5,6526.0,5154.0,9215.0,6251.5,5810.0,5522.5,7417.5,5481.0,6005.0,13084.0,10168.0,17129.5,15801.0,10676.0,11875.0,15902.0,10669.0,22482.5,6904.0,5298.0,6179.5,3709.0,4757.5,7527.0,5268.0,5240.5,0.0,5971.5,11144.0,6703.5,10823.0,15285.5,13412.0,11047.5,14067.0,21133.5,11736.0,20092.0,7301.0,15842.5,17535.0,13748.0,14301.5,7851.0,10822.5,14289.0,24092.5,14214.5,17073.5
R_Robert8.jpg_persistence.pkl,10995.5,7641.5,10491.5,7932.0,13631.0,9907.5,7030.0,11812.0,6640.0,10685.0,7677.5,5844.5,5620.5,6182.0,6529.0,6750.0,5784.5,5926.0,6839.0,4780.5,6000.0,5821.0,9196.5,5374.5,6215.5,6767.0,5583.5,6674.0,6048.0,6835.0,13305.5,17403.5,17680.5,17423.5,28332.5,14223.0,20011.5,19787.5,11228.0,14660.5,35106.0,46927.5,24935.5,26170.5,24150.0,12882.5,19015.0,25979.5,24706.0,30786.5,6227.5,6307.5,6186.5,8348.0,6743.0,7512.0,6950.0,8605.0,8440.5,8534.5,10872.5,11438.0,20836.0,14956.0,8864.0,13384.0,16360.0,12490.5,23480.0,8032.5,7110.0,7403.0,4937.5,5305.0,7098.5,6661.5,7047.5,5971.5,0.0,8797.0,8289.5,13187.0,17686.5,17041.5,13282.0,13615.0,23200.0,13600.5,23444.0,9450.0,14015.0,17337.0,12346.5,14616.0,7193.5,12329.0,17817.5,24812.0,15788.0,19851.5
R_Robert9.jpg_persistence.pkl,16055.5,13520.5,15419.5,12853.0,18477.5,14258.5,12860.0,10556.0,12507.0,16062.0,12084.0,11345.5,10958.5,11457.0,11980.5,12908.0,10903.0,11470.5,10991.5,9200.0,11572.0,10927.5,13013.0,10698.5,12073.5,11850.0,11650.0,10946.0,11955.5,12553.5,16751.0,18834.0,19313.5,18292.0,30210.5,14917.5,18594.0,20181.5,12928.0,17209.0,35806.0,46048.0,24333.5,28146.0,26176.5,11306.5,18572.5,26847.0,26289.5,33340.0,11240.5,8210.5,11879.5,10704.5,12355.5,12248.5,10972.5,13020.5,12659.0,12911.5,14037.0,11096.0,23879.0,15383.0,10758.0,16096.5,17410.5,15841.0,24937.5,12138.0,12792.0,13192.5,10348.0,11038.5,11850.5,12812.5,10890.5,11144.0,8797.0,0.0,12396.0,15073.0,17043.5,20110.5,15420.0,14075.0,22247.0,15122.0,25362.5,12455.5,16201.0,18753.0,13555.5,15986.0,8361.5,14599.5,20408.5,26195.5,18112.0,23254.0
R_Sid1.jpeg_persistence.pkl,5637.5,6528.0,8696.5,5637.0,12396.5,5310.0,7730.0,14309.5,8459.5,6955.0,8441.0,7183.0,7410.5,6088.0,7741.0,8934.5,9553.0,7606.0,7247.5,6549.0,5955.0,5072.0,5128.0,6479.5,7085.5,8371.5,6417.5,9876.5,8454.0,6148.5,11085.0,14975.5,11583.5,15200.0,28011.5,11151.5,20013.5,19129.5,10034.5,13316.0,30437.5,41696.0,20952.5,20110.5,18222.5,13382.0,20339.0,22901.0,19231.5,27663.0,4159.5,6435.5,5802.0,6809.5,5626.5,4218.0,4267.0,6427.5,5641.5,6912.0,10326.5,8851.0,16505.5,11653.5,8006.5,7840.5,13102.0,6469.0,18252.5,4254.0,6538.5,8506.0,6251.5,7825.0,8738.0,7461.5,8724.0,6703.5,8289.5,12396.0,0.0,9979.5,14318.5,13211.0,7987.5,10624.0,18869.0,9569.5,19323.5,8928.5,13173.0,15653.0,10204.5,9698.5,7896.5,7162.0,15229.5,19776.0,10469.0,14311.0
R_Sid10.jpg_persistence.pkl,13195.5,13113.0,10559.5,9732.0,12164.0,14209.0,13858.5,18217.0,14559.0,13348.5,16337.5,13197.5,13397.5,12202.0,12103.5,14933.0,15860.0,14016.0,14250.5,11668.0,11689.5,10803.5,13188.5,12447.5,13445.0,15433.0,12696.0,15985.0,14782.5,12972.0,11617.0,15295.0,15436.5,15158.5,21348.5,9378.0,12826.5,11289.5,5603.0,10224.5,31570.5,38430.5,19363.0,23241.5,21432.0,11488.5,14807.0,26918.5,19914.0,26725.0,10645.0,9791.5,12407.0,14152.5,12513.5,11410.5,9084.0,11911.0,9176.0,10233.0,17694.5,8171.0,16157.0,17722.5,14629.0,12757.0,15584.5,12344.0,23408.0,11015.0,11362.0,13533.0,11478.5,12471.5,13803.5,13013.0,10798.5,10823.0,13187.0,15073.0,9979.5,0.0,7768.5,11593.0,11174.5,16104.5,14285.5,5719.5,14561.5,8676.5,20619.0,18380.5,13437.0,16087.5,10923.5,10750.5,10470.0,26332.5,15808.5,17448.5
R_Sid2.jpeg_persistence.pkl,16193.0,17586.5,15605.5,14293.0,15984.0,18247.0,19064.5,22074.5,19650.5,16814.5,20914.5,18263.0,18431.0,17325.5,17138.5,20024.0,20644.0,18994.0,18965.0,16618.5,16535.5,15374.5,16987.5,17396.5,18342.0,20155.0,17605.0,20899.0,19775.0,18005.5,14272.0,15815.0,16721.0,14667.0,22451.5,10283.5,13288.0,10628.0,9291.0,12031.5,30793.0,36251.0,18773.0,23454.0,21932.5,14269.0,15199.0,27302.5,19638.5,26364.0,15291.0,14014.5,17361.0,18405.5,16849.5,15953.0,13603.0,15774.5,13906.5,14376.5,21590.5,10171.0,17039.0,19260.0,18412.5,14183.0,16567.0,14482.0,24277.0,15212.5,16517.5,18530.0,16293.0,17242.5,18345.0,17954.5,14876.5,15285.5,17686.5,17043.5,14318.5,7768.5,0.0,13283.0,13275.5,18735.5,12445.5,8302.5,14507.5,12765.0,24768.5,19666.0,14842.0,17816.5,14707.5,12497.0,12372.5,27911.0,16903.0,18447.5
R_Sid3.jpg_persistence.pkl,13049.0,14009.5,10189.0,11244.0,9219.5,16234.5,17367.5,22711.0,17493.5,11793.5,20704.5,17167.0,15993.5,15568.0,14897.5,17764.0,20339.5,18584.5,18836.5,15837.0,14889.0,13846.5,16334.5,15611.0,17033.0,20080.0,15367.5,20527.0,18931.0,16142.0,9443.5,14743.5,15283.5,14754.5,24464.0,12794.0,18901.5,16823.0,12528.5,9958.5,30779.0,36323.0,21315.5,20455.5,15634.0,18416.5,21113.5,27936.0,19585.5,21036.0,13721.5,14559.0,15373.5,18578.0,15535.0,14271.5,13173.0,13058.0,10512.5,12002.0,21442.5,12788.5,7712.0,18202.0,18578.0,11342.0,15800.5,11475.5,21334.0,14117.5,12878.5,16128.5,14131.0,15087.5,18134.0,15684.5,14826.0,13412.0,17041.5,20110.5,13211.0,11593.0,13283.0,0.0,11622.0,19191.0,17359.5,12848.0,10285.0,12924.5,24720.5,18640.5,14255.5,14670.0,15279.0,12066.0,10199.5,26410.5,12220.0,10036.5
R_Sid4.jpg_persistence.pkl,8325.0,11571.5,12463.5,9974.5,14438.5,8655.0,13976.5,17107.5,14587.0,9970.5,14017.5,13429.5,13160.5,12209.0,12660.0,14957.5,16048.0,14164.5,13517.0,12029.0,11884.0,10235.5,10113.5,12325.5,13229.0,14704.5,12209.0,16160.0,15125.0,12206.0,11210.5,12996.5,7692.0,11490.0,28179.5,9796.5,18987.5,19735.0,11843.0,12974.5,26070.5,36917.5,17610.5,16164.5,14304.0,14517.5,19269.5,19666.5,14453.5,25420.0,10051.5,10179.5,11646.0,11792.0,11638.5,9833.0,8932.5,10323.0,9523.5,11429.0,14728.0,8373.5,13110.0,10096.5,11857.0,6974.0,10918.0,7732.5,14757.5,9640.0,12118.5,13902.0,11357.5,12844.5,15048.0,12889.5,12841.5,11047.5,13282.0,15420.0,7987.5,11174.5,13275.5,11622.0,0.0,11498.5,14924.0,10857.0,16647.0,11301.5,17895.5,14274.0,9997.5,9482.0,10454.0,6493.0,14276.0,17516.0,8122.0,12034.0
R_Sid5.jpeg_persistence.pkl,12773.5,15420.5,17261.5,14065.0,20087.5,12497.0,14814.5,13269.0,15203.0,15035.5,13355.0,14156.0,14999.0,13393.5,15602.5,15814.5,13850.0,12928.5,12383.0,13495.0,13238.0,12885.0,10507.5,13753.0,14131.0,11305.0,13112.0,12580.5,14010.5,13674.0,16544.5,13757.0,11958.0,16650.5,34006.5,14799.0,22943.0,25374.0,16344.0,18446.0,30088.0,43074.5,17654.5,21749.5,21182.0,11388.0,21224.0,20198.0,21081.5,31967.0,12313.0,11157.5,13996.0,8767.0,12612.0,11971.5,11017.0,14517.0,13862.5,16038.5,8569.0,11071.5,21016.0,8295.5,7859.0,10529.5,10613.0,10542.5,15229.5,11615.5,15573.5,16325.5,14177.0,15365.5,15760.5,15485.0,15901.5,14067.0,13615.0,14075.0,10624.0,16104.5,18735.5,19191.0,11498.5,0.0,19761.0,14415.5,24146.0,15500.5,8751.0,10596.5,8401.5,9042.0,10674.5,9113.5,21016.5,15141.5,12516.0,19001.0
R_Sid6.jpeg_persistence.pkl,20486.5,23842.5,21712.0,20739.0,21864.5,21781.0,25295.5,23698.0,26131.0,22270.0,25131.5,24635.0,24913.0,23613.5,24065.5,26604.5,26205.0,24553.0,23887.0,22850.5,22712.5,21543.0,20678.0,23518.0,24485.5,24928.0,23804.5,26201.5,25641.0,24005.0,18824.0,11254.0,15413.5,10043.5,24275.0,11838.5,13385.0,16168.0,16275.0,14274.0,21409.5,27123.5,9987.5,17277.0,16607.0,17464.5,13875.5,18582.5,12566.5,21521.0,21305.5,19382.0,23584.0,21411.0,22808.0,21727.5,19573.5,21888.0,20329.5,21154.0,24360.0,13320.5,16824.0,17440.0,21170.5,14291.0,12482.5,17135.0,19960.0,20509.0,22891.5,25431.0,22540.5,23365.0,25007.0,24625.0,21632.5,21133.5,23200.0,22247.0,18869.0,14285.5,12445.5,17359.5,14924.0,19761.0,0.0,13229.0,15925.0,20009.0,27436.0,14940.5,16865.5,17112.0,18707.5,14982.0,16586.0,24135.0,15915.5,17147.5
R_Sid7.jpg_persistence.pkl,13398.0,14007.5,12097.5,11405.0,14385.0,13268.5,14582.5,18045.5,15425.0,14623.0,15549.5,13992.0,14216.0,12824.0,13482.0,15855.5,15972.0,14181.0,13848.0,12304.5,12685.0,11414.5,12179.5,13153.0,14088.0,14964.0,13521.5,16118.0,15104.0,13685.0,12975.5,14608.5,14781.5,14958.5,21473.0,9256.5,13035.5,12707.5,8012.5,11800.0,31010.0,37039.5,18325.5,23025.0,21569.5,10871.5,14626.0,25544.0,19586.5,27506.5,10970.5,10435.0,13180.5,12848.0,12871.0,11603.5,9750.0,12936.5,10794.5,11812.5,16166.0,7862.5,16843.0,16390.0,13085.5,11907.5,14791.0,11677.5,22568.5,11240.5,12575.5,14864.5,12354.0,13218.5,15234.0,13957.5,12208.5,11736.0,13600.5,15122.0,9569.5,5719.5,8302.5,12848.0,10857.0,14415.5,13229.0,0.0,15154.5,9765.0,19038.5,17489.5,12943.5,15081.5,10965.0,10260.5,11190.0,24998.0,15120.5,17876.0
R_Sid8.jpg_persistence.pkl,19468.5,21403.5,18373.0,18616.0,14719.0,22718.5,24578.0,28343.0,24993.0,19190.0,26982.0,24137.0,23476.0,22640.5,21984.0,25335.0,27030.0,25169.5,25282.5,22514.0,22127.5,20497.5,22677.0,22697.0,24114.5,26445.0,22618.5,27482.0,25892.5,23112.5,15917.5,17088.0,19950.0,15831.5,24118.5,15111.0,19658.0,17491.5,16326.0,12821.5,29388.5,29115.5,20243.5,19748.5,15831.0,20890.0,20912.5,29506.0,18236.0,17218.0,20427.0,20333.0,22146.0,24679.5,22510.5,20684.0,19635.5,20046.5,17971.0,19284.0,27694.0,16899.0,7590.0,23008.0,24412.5,17301.0,19189.0,17828.5,24165.5,20486.5,20534.0,23493.0,21368.5,22664.0,24994.5,22779.5,20889.0,20092.0,23444.0,25362.5,19323.5,14561.5,14507.5,10285.0,16647.0,24146.0,15925.0,15154.5,0.0,18090.0,30968.0,22421.5,19656.5,20572.0,21179.5,16960.5,13429.5,30495.0,17594.5,11953.5
R_Sid9.jpg_persistence.pkl,10616.5,8392.0,9395.5,8103.0,12063.0,10431.5,8997.0,16273.5,9340.5,10346.0,12237.5,8674.5,8395.0,7542.5,6930.5,9591.0,11700.5,10036.0,10167.0,8260.0,8089.0,7577.5,10560.0,8068.5,8889.5,11643.5,8237.5,12213.5,10305.5,8224.5,12527.0,19244.5,17243.5,17789.0,24077.0,13032.0,17357.5,14915.0,7430.0,13021.5,35061.0,43868.5,24032.0,25074.5,23279.0,14344.5,18204.0,28964.0,22647.5,29375.0,7467.0,8705.0,7309.5,11102.0,8750.0,7245.0,7769.0,8662.5,7250.5,8027.0,14858.0,10398.0,18403.0,18005.5,13584.0,14341.5,18445.5,12079.0,24348.0,9240.0,8886.0,8421.0,7072.0,8357.5,10120.0,7406.0,7714.5,7301.0,9450.0,12455.5,8928.5,8676.5,12765.0,12924.5,11301.5,15500.5,20009.0,9765.0,18090.0,0.0,17814.5,20437.0,15293.0,16398.0,10815.5,12307.0,13446.0,26022.5,15980.0,18825.5
R_Vin1.jpg_persistence.pkl,15116.0,16392.5,19221.5,16348.0,23007.0,13202.0,14251.0,15408.5,14173.0,17192.5,12562.0,13162.5,14464.5,13110.5,16139.0,14631.5,12680.0,11652.5,11612.0,13738.5,13547.5,14043.5,11152.0,13722.5,13608.5,9814.0,12753.5,11014.0,12731.0,13421.5,21751.5,20243.5,17089.5,23665.5,38673.5,21171.0,28535.0,29944.0,20018.0,23989.5,37309.0,50863.0,24378.0,28838.5,28277.0,15210.0,25963.0,25747.5,28417.5,38420.5,13402.5,13960.5,13895.5,8891.0,13108.5,12445.0,13093.5,16696.5,16902.5,17862.5,7432.5,16495.0,27899.5,13813.5,9230.0,15417.5,17134.5,14408.0,20345.0,12969.0,16189.0,16470.5,14633.0,15814.0,15558.0,15596.5,17959.0,15842.5,14015.0,16201.0,13173.0,20619.0,24768.5,24720.5,17895.5,8751.0,27436.0,19038.5,30968.0,17814.5,0.0,16238.5,13335.5,13742.5,13750.5,15150.5,26854.0,18591.5,18500.5,25052.0
R_Vin10.jpg_persistence.pkl,17683.5,20763.0,18569.5,17269.0,19528.0,18578.5,20660.0,15823.0,20727.0,19211.5,19326.0,19581.0,20368.5,19176.0,21044.5,21252.0,18769.0,18293.5,18422.0,18111.0,18271.5,18060.5,16423.5,18833.0,19842.5,16909.0,18377.0,17726.0,19434.5,19648.0,15676.0,8316.0,12913.5,12396.0,32745.5,14668.0,21433.5,25112.5,18648.5,15985.5,24855.5,36433.5,13420.5,18134.0,15689.0,13764.5,19201.0,15634.0,17745.5,26215.5,17412.0,15236.0,19826.0,14639.0,18349.0,17431.0,15445.0,19610.5,17422.5,19944.0,14067.0,12952.0,18493.0,10482.0,11843.5,11137.5,6626.0,13310.5,14313.5,16283.5,18670.0,21749.5,18703.0,19462.0,21228.5,20885.5,20488.0,17535.0,17337.0,18753.0,15653.0,18380.5,19666.0,18640.5,14274.0,10596.5,14940.5,17489.5,22421.5,20437.0,16238.5,0.0,9492.0,10605.5,12937.0,11969.5,21105.0,16909.5,13711.5,16030.5
R_Vin2.jpg_persistence.pkl,11746.0,14947.0,14256.0,11769.5,15139.0,13178.0,15241.5,13297.5,15041.5,13059.0,13657.5,14126.5,14823.0,13683.0,16004.0,15797.0,12895.0,12737.5,12860.0,12717.0,12748.0,12646.5,11067.5,13503.5,14314.0,11280.0,12795.0,11714.0,13825.5,13954.0,12815.5,9671.5,10468.0,13100.0,30620.0,11567.0,19989.5,22367.5,14385.5,14110.0,27949.5,40218.5,16528.0,20073.0,17878.0,9814.0,18101.5,20207.0,18862.5,27100.5,11924.0,10270.0,14253.5,10556.0,12511.5,12198.5,10236.0,13548.5,11871.5,14628.5,10440.5,9208.0,16420.0,8773.0,7296.5,7539.5,8354.0,8622.0,15837.5,10829.0,13709.5,16533.5,13920.0,14713.5,15832.5,15688.0,15776.0,13748.0,12346.5,13555.5,10204.5,13437.0,14842.0,14255.5,9997.5,8401.5,16865.5,12943.5,19656.5,15293.0,13335.5,9492.0,0.0,8258.0,8570.5,7304.0,16862.5,18453.0,10897.0,14419.0
R_Vin3.jpg_persistence.pkl,9375.5,14082.0,15350.5,12174.0,17222.5,10654.0,14667.5,14777.0,15188.5,10701.5,13048.5,13779.5,14445.5,13401.0,15748.5,15748.0,14543.0,13123.5,12182.5,13343.5,12341.0,12095.5,9244.5,12965.0,13644.0,12770.0,12878.0,13652.0,14203.0,13272.5,15271.5,11969.5,9108.0,14062.5,33836.0,13735.5,22832.0,25609.0,17119.0,17173.5,25946.5,38275.5,16641.5,17268.0,15718.0,14427.0,22662.0,17930.0,17960.0,27558.5,11483.0,11555.5,13465.0,9229.0,11687.0,11179.0,10681.0,12404.5,12852.0,14733.0,11146.5,11128.0,16448.5,6265.0,8845.5,6448.0,8453.0,6399.0,12140.0,9703.5,14240.0,15973.0,14080.0,15142.0,15402.5,14971.0,16968.5,14301.5,14616.0,15986.0,9698.5,16087.5,17816.5,14670.0,9482.0,9042.0,17112.0,15081.5,20572.0,16398.0,13742.5,10605.5,8258.0,0.0,10790.0,8231.5,19260.0,14664.0,7182.5,13598.0
R_Vin4.jpg_persistence.pkl,11478.0,11128.5,10498.5,8433.0,13778.0,11140.0,10873.0,9171.5,10628.0,11678.5,9818.5,9492.0,9371.0,9372.5,10487.5,11344.5,9020.5,9184.5,8916.5,7056.5,8677.5,8087.0,9360.5,8619.0,10002.0,9474.0,9072.5,9067.0,10053.0,10152.0,10950.0,12521.0,13491.5,13843.0,27193.0,10654.5,16518.0,18579.5,9963.0,12468.5,30997.5,42448.0,19825.0,22729.0,20362.0,9483.5,16284.5,21820.0,21316.0,28106.0,7860.0,5074.5,9877.5,8486.0,9241.5,8722.0,6676.5,10517.5,8724.0,10072.0,10902.0,7052.5,17869.0,11021.0,6362.5,9667.0,11157.5,10011.0,19412.0,8109.5,9136.0,11497.0,8244.0,8843.0,10939.0,10676.5,10305.5,7851.0,7193.5,8361.5,7896.5,10923.5,14707.5,15279.0,10454.0,10674.5,18707.5,10965.0,21179.5,10815.5,13750.5,12937.0,8570.5,10790.0,0.0,9284.0,15526.0,21412.0,12313.5,16726.0
R_Vin5.jpg_persistence.pkl,7743.5,11900.5,12605.5,9297.0,13962.5,9696.0,12343.5,15404.0,13072.5,9885.0,11980.5,11815.5,12505.0,10783.5,12855.5,13550.0,13379.5,11508.5,11083.5,10930.5,10251.5,10201.0,7787.0,11552.0,11711.0,11658.5,10867.5,13411.5,12371.5,10989.5,10750.0,10831.0,7943.0,11002.5,28388.5,9194.0,19083.5,19938.0,11630.5,12315.5,25385.0,37924.0,15938.5,16207.5,15400.0,12558.5,18824.0,19410.0,15534.5,24742.0,9331.5,8906.0,11198.5,9700.5,9827.0,9080.0,7748.0,10527.5,9303.0,12117.0,12259.0,7876.5,14006.5,8916.0,9741.0,6092.5,9575.5,5874.5,13745.0,8300.0,11812.5,13667.0,11338.0,12816.5,13537.0,12763.0,12613.5,10822.5,12329.0,14599.5,7162.0,10750.5,12497.0,12066.0,6493.0,9113.5,14982.0,10260.5,16960.5,12307.0,15150.5,11969.5,7304.0,8231.5,9284.0,0.0,14357.5,17101.0,8547.0,12250.0
R_Vin6.jpg_persistence.pkl,16651.5,16178.5,12448.0,13505.0,12149.0,18612.5,19241.5,22450.5,19495.5,15684.0,22183.0,18837.0,17880.0,17544.0,16765.0,19742.0,21866.5,20175.0,20305.0,17388.5,16744.5,15323.5,18404.5,17267.0,18672.5,21602.0,17251.0,22061.0,20630.5,18144.0,10783.5,16135.0,18597.5,17154.5,15795.5,12712.0,13510.0,10670.5,11898.5,9458.0,33587.0,37623.0,21772.5,24773.0,21174.5,17830.0,18172.0,29900.5,21759.5,25251.0,15614.0,15057.5,17301.5,20274.0,17225.5,16604.0,14788.5,15929.0,12779.0,13769.5,23720.0,13013.0,13007.5,21223.5,20281.0,15412.5,17801.5,16298.5,25749.0,16094.5,14728.5,18078.5,15584.5,16533.0,19669.5,17559.5,16268.0,14289.0,17817.5,20408.5,15229.5,10470.0,12372.5,10199.5,14276.0,21016.5,16586.0,11190.0,13429.5,13446.0,26854.0,21105.0,16862.5,19260.0,15526.0,14357.5,0.0,30031.5,18377.0,17254.5
R_Vin7.jpg_persistence.pkl,18433.5,24122.0,26663.5,23068.0,28869.0,19012.0,23761.5,22699.0,24396.5,21264.5,21418.5,23077.0,24192.5,22737.0,25354.5,25013.5,24200.5,22515.5,21289.0,23490.0,22080.5,22363.5,18157.5,23201.0,22796.0,21644.0,22400.5,23043.5,23388.5,22233.5,25392.0,20902.0,12798.0,21271.5,44301.5,24066.5,32905.5,35900.0,27048.5,27712.5,26512.0,42814.0,21951.5,19530.0,19851.5,23908.5,32223.5,14297.5,21564.5,34776.0,21905.5,21864.0,22902.0,18262.5,20976.5,20530.0,20295.5,22419.0,23309.0,25325.5,19314.0,21257.5,25691.5,12535.5,18340.5,16562.0,15425.0,17302.5,9909.5,19928.0,24880.5,25824.0,23689.5,25314.0,24943.0,24697.0,26730.0,24092.5,24812.0,26195.5,19776.0,26332.5,27911.0,26410.5,17516.0,15141.5,24135.0,24998.0,30495.0,26022.5,18591.5,16909.5,18453.0,14664.0,21412.0,17101.0,30031.5,0.0,16501.5,22175.5
R_Vin8.jpeg_persistence.pkl,9801.0,14201.0,15703.0,12375.0,16905.0,11378.0,15716.0,18155.0,16428.5,10439.0,15835.0,14940.0,15351.0,14362.0,15699.0,16816.5,17202.5,15105.5,14596.0,14183.5,13366.0,12770.0,10688.5,14134.0,14744.5,15614.5,14064.0,16798.5,16234.5,14190.5,14634.5,12985.5,8650.0,11594.5,33262.5,13264.5,22885.0,25020.5,16992.5,16519.0,24063.0,34577.0,18155.5,13617.0,11734.5,17806.5,23050.0,19195.5,15398.5,23331.5,12339.5,12485.0,13985.5,12987.5,12986.5,11807.0,11113.0,12244.5,12996.0,14951.0,15294.5,11630.5,12502.0,9114.5,12751.0,6764.0,10876.5,7350.5,11606.5,10667.5,14891.5,16465.5,14051.0,15484.5,16517.0,15138.5,16847.5,14214.5,15788.0,18112.0,10469.0,15808.5,16903.0,12220.0,8122.0,12516.0,15915.5,15120.5,17594.5,15980.0,18500.5,13711.5,10897.0,7182.5,12313.5,8547.0,18377.0,16501.5,0.0,9293.0
R_Vin9.jpg_persistence.pkl,14002.0,17438.0,15811.0,14705.0,14559.0,16344.5,20105.5,22996.5,20420.0,14187.0,21694.0,19313.0,19096.0,18249.0,19576.5,20808.0,22377.5,20235.0,20232.5,18358.0,17591.5,16678.0,16858.5,18246.0,19258.5,21290.5,18041.0,22328.5,21114.0,18331.0,13386.5,13107.5,13305.5,11780.0,31862.0,15049.5,24005.0,24332.5,18503.5,14782.5,24253.5,31997.0,18901.5,13283.5,8580.5,21258.5,24630.0,22170.0,14872.5,16937.5,16053.0,16598.0,17815.5,19704.5,17523.0,15645.0,15318.0,16063.0,14992.5,17219.0,21786.5,15276.0,7234.5,15691.0,18549.0,10996.5,13080.0,12019.5,15431.5,15152.5,16432.0,20409.5,17437.0,18952.0,21125.5,19268.5,20002.0,17073.5,19851.5,23254.0,14311.0,17448.5,18447.5,10036.5,12034.0,19001.0,17147.5,17876.0,11953.5,18825.5,25052.0,16030.5,14419.0,13598.0,16726.0,12250.0,17254.5,22175.5,9293.0,0.0
